{"stats":{"minecraft:custom":{"minecraft:interact_with_furnace":27,"minecraft:mob_kills":21,"minecraft:interact_with_crafting_table":19,"minecraft:leave_game":2,"minecraft:time_since_death":72,"minecraft:time_since_rest":125,"minecraft:sprint_one_cm":127073,"minecraft:damage_taken":604,"minecraft:walk_one_cm":52592,"minecraft:drop":28,"minecraft:damage_dealt":2441,"minecraft:swim_one_cm":9954,"minecraft:fly_one_cm":107117,"minecraft:crouch_one_cm":2127,"minecraft:play_time":43853,"minecraft:deaths":1,"minecraft:sneak_time":1312,"minecraft:walk_under_water_one_cm":8274,"minecraft:jump":724,"minecraft:walk_on_water_one_cm":8505,"minecraft:total_world_time":43853,"minecraft:fall_one_cm":17109},"minecraft:crafted":{"minecraft:cooked_beef":8,"minecraft:oak_planks":64,"minecraft:cooked_porkchop":5,"minecraft:crafting_table":1,"minecraft:wooden_pickaxe":1,"minecraft:iron_helmet":1,"minecraft:iron_sword":1,"minecraft:furnace":2,"minecraft:bucket":1,"minecraft:stone_axe":1,"minecraft:air":0,"minecraft:iron_boots":1,"minecraft:iron_chestplate":1,"minecraft:iron_axe":1,"minecraft:stick":12,"minecraft:iron_ingot":45,"minecraft:iron_pickaxe":1,"minecraft:stone_pickaxe":1,"minecraft:wooden_axe":1,"minecraft:stone_sword":1,"minecraft:iron_leggings":1},"minecraft:killed":{"minecraft:pig":3,"minecraft:sheep":3,"minecraft:skeleton":1,"minecraft:zombie":3,"minecraft:bee":7,"minecraft:cow":4},"minecraft:mined":{"minecraft:crafting_table":6,"minecraft:granite":5,"minecraft:grass_block":1,"minecraft:tall_grass":1,"minecraft:cobblestone":1,"minecraft:deepslate_gold_ore":3,"minecraft:diorite":4,"minecraft:furnace":4,"minecraft:iron_ore":20,"minecraft:pumpkin":1,"minecraft:bee_nest":1,"minecraft:grass":4,"minecraft:oak_log":16,"minecraft:coal_ore":79,"minecraft:deepslate_iron_ore":44,"minecraft:sunflower":2,"minecraft:gravel":1,"minecraft:dirt":6,"minecraft:stone":97,"minecraft:oak_leaves":3,"minecraft:deepslate":22},"minecraft:killed_by":{"minecraft:player":1},"minecraft:dropped":{"minecraft:water_bucket":1,"minecraft:iron_ingot":11,"minecraft:iron_sword":1,"minecraft:stone_axe":1,"minecraft:porkchop":1,"minecraft:cooked_beef":3,"minecraft:stone_sword":1,"minecraft:cooked_porkchop":4,"minecraft:raw_iron":18,"minecraft:iron_helmet":1,"minecraft:cobblestone":16,"minecraft:oak_planks":44,"minecraft:iron_boots":1,"minecraft:leather":5,"minecraft:coal":70,"minecraft:mutton":3,"minecraft:iron_chestplate":1,"minecraft:wooden_axe":2,"minecraft:iron_leggings":1,"minecraft:sunflower":2,"minecraft:iron_axe":1,"minecraft:wooden_pickaxe":1,"minecraft:stone_pickaxe":1,"minecraft:raw_gold":3,"minecraft:iron_pickaxe":1},"minecraft:used":{"minecraft:water_bucket":10,"minecraft:diorite":4,"minecraft:stone_pickaxe":70,"minecraft:wooden_pickaxe":10,"minecraft:iron_sword":36,"minecraft:dirt":2,"minecraft:crafting_table":6,"minecraft:wooden_axe":39,"minecraft:iron_axe":6,"minecraft:iron_pickaxe":202,"minecraft:iron_helmet":1,"minecraft:gravel":1,"minecraft:stone_axe":2,"minecraft:cobblestone":56,"minecraft:furnace":4,"minecraft:cooked_porkchop":1,"minecraft:bucket":11,"minecraft:cooked_beef":5,"minecraft:cobbled_deepslate":22},"minecraft:picked_up":{"minecraft:wooden_axe":1,"minecraft:crafting_table":6,"minecraft:leather":5,"minecraft:wooden_pickaxe":1,"minecraft:oak_log":17,"minecraft:dirt":7,"minecraft:bone":1,"minecraft:cobbled_deepslate":22,"minecraft:raw_gold":3,"minecraft:iron_ingot":1,"minecraft:beef":8,"minecraft:furnace":4,"minecraft:stick":4,"minecraft:raw_iron":72,"minecraft:pumpkin":1,"minecraft:gravel":1,"minecraft:porkchop":6,"minecraft:diorite":4,"minecraft:rotten_flesh":3,"minecraft:granite":5,"minecraft:coal":108,"minecraft:mutton":3,"minecraft:white_wool":3,"minecraft:cobblestone":96,"minecraft:sunflower":4}},"DataVersion":3465}