{"stats":{"minecraft:custom":{"minecraft:time_since_rest":9451,"minecraft:interact_with_furnace":4,"minecraft:sprint_one_cm":26402,"minecraft:damage_taken":105,"minecraft:walk_one_cm":7265,"minecraft:mob_kills":4,"minecraft:drop":4,"minecraft:damage_dealt":601,"minecraft:swim_one_cm":4130,"minecraft:interact_with_crafting_table":5,"minecraft:fly_one_cm":37670,"minecraft:crouch_one_cm":1127,"minecraft:play_time":9451,"minecraft:sneak_time":804,"minecraft:walk_under_water_one_cm":1306,"minecraft:jump":181,"minecraft:time_since_death":9451,"minecraft:walk_on_water_one_cm":2094,"minecraft:total_world_time":9451,"minecraft:fall_one_cm":5846},"minecraft:crafted":{"minecraft:cooked_beef":2,"minecraft:oak_planks":64,"minecraft:crafting_table":1,"minecraft:stick":8,"minecraft:wooden_pickaxe":1,"minecraft:stone_pickaxe":1,"minecraft:wooden_axe":1,"minecraft:stone_sword":1,"minecraft:furnace":1,"minecraft:stone_axe":1,"minecraft:air":0},"minecraft:killed":{"minecraft:skeleton":1,"minecraft:zombie":1,"minecraft:pig":1,"minecraft:cow":1},"minecraft:mined":{"minecraft:iron_ore":10,"minecraft:crafting_table":4,"minecraft:grass":4,"minecraft:oak_log":16,"minecraft:sunflower":2,"minecraft:dirt":3,"minecraft:tall_grass":1,"minecraft:stone":28,"minecraft:oak_leaves":3},"minecraft:dropped":{"minecraft:wooden_axe":1,"minecraft:sunflower":2,"minecraft:wooden_pickaxe":1},"minecraft:used":{"minecraft:wooden_axe":39,"minecraft:stone_pickaxe":31,"minecraft:wooden_pickaxe":10,"minecraft:stone_axe":2,"minecraft:cobblestone":6,"minecraft:crafting_table":4,"minecraft:furnace":1,"minecraft:cooked_beef":1},"minecraft:picked_up":{"minecraft:wooden_axe":1,"minecraft:raw_iron":10,"minecraft:crafting_table":4,"minecraft:stick":4,"minecraft:leather":2,"minecraft:wooden_pickaxe":1,"minecraft:porkchop":3,"minecraft:oak_log":16,"minecraft:dirt":3,"minecraft:bone":1,"minecraft:rotten_flesh":2,"minecraft:beef":2,"minecraft:cobblestone":28,"minecraft:sunflower":4}},"DataVersion":3465}