{"stats":{"minecraft:custom":{"minecraft:interact_with_furnace":12,"minecraft:mob_kills":11,"minecraft:interact_with_crafting_table":12,"minecraft:time_since_death":21451,"minecraft:time_since_rest":21451,"minecraft:sprint_one_cm":58802,"minecraft:damage_taken":145,"minecraft:walk_one_cm":27026,"minecraft:drop":8,"minecraft:damage_dealt":1241,"minecraft:swim_one_cm":9954,"minecraft:fly_one_cm":61860,"minecraft:crouch_one_cm":1980,"minecraft:play_time":21451,"minecraft:sneak_time":1236,"minecraft:walk_under_water_one_cm":8274,"minecraft:jump":348,"minecraft:walk_on_water_one_cm":7731,"minecraft:total_world_time":21451,"minecraft:fall_one_cm":11987},"minecraft:crafted":{"minecraft:cooked_beef":2,"minecraft:oak_planks":64,"minecraft:cooked_porkchop":3,"minecraft:crafting_table":1,"minecraft:wooden_pickaxe":1,"minecraft:iron_sword":1,"minecraft:furnace":2,"minecraft:bucket":1,"minecraft:stone_axe":1,"minecraft:air":0,"minecraft:iron_axe":1,"minecraft:stick":12,"minecraft:iron_ingot":12,"minecraft:iron_pickaxe":1,"minecraft:stone_pickaxe":1,"minecraft:wooden_axe":1,"minecraft:stone_sword":1},"minecraft:killed":{"minecraft:pig":2,"minecraft:sheep":3,"minecraft:skeleton":1,"minecraft:zombie":1,"minecraft:cow":4},"minecraft:mined":{"minecraft:crafting_table":5,"minecraft:tall_grass":1,"minecraft:cobblestone":1,"minecraft:furnace":2,"minecraft:iron_ore":14,"minecraft:pumpkin":1,"minecraft:grass":4,"minecraft:oak_log":16,"minecraft:coal_ore":38,"minecraft:deepslate_iron_ore":9,"minecraft:sunflower":2,"minecraft:dirt":3,"minecraft:stone":41,"minecraft:oak_leaves":3,"minecraft:deepslate":4},"minecraft:dropped":{"minecraft:stone_axe":1,"minecraft:stone_sword":1,"minecraft:wooden_axe":2,"minecraft:sunflower":2,"minecraft:stone_pickaxe":1,"minecraft:wooden_pickaxe":1},"minecraft:used":{"minecraft:water_bucket":8,"minecraft:stone_pickaxe":70,"minecraft:wooden_pickaxe":10,"minecraft:iron_sword":15,"minecraft:crafting_table":5,"minecraft:wooden_axe":39,"minecraft:iron_axe":1,"minecraft:iron_pickaxe":32,"minecraft:stone_axe":2,"minecraft:cobblestone":13,"minecraft:furnace":2,"minecraft:cooked_porkchop":1,"minecraft:bucket":9,"minecraft:cooked_beef":2},"minecraft:picked_up":{"minecraft:wooden_axe":1,"minecraft:crafting_table":5,"minecraft:leather":5,"minecraft:wooden_pickaxe":1,"minecraft:oak_log":16,"minecraft:dirt":3,"minecraft:bone":1,"minecraft:cobbled_deepslate":4,"minecraft:beef":8,"minecraft:furnace":2,"minecraft:stick":4,"minecraft:raw_iron":23,"minecraft:pumpkin":1,"minecraft:porkchop":5,"minecraft:rotten_flesh":2,"minecraft:mutton":3,"minecraft:coal":38,"minecraft:white_wool":3,"minecraft:cobblestone":40,"minecraft:sunflower":4}},"DataVersion":3465}