{"stats":{"minecraft:custom":{"minecraft:interact_with_furnace":27,"minecraft:mob_kills":13,"minecraft:interact_with_crafting_table":19,"minecraft:leave_game":1,"minecraft:time_since_death":32889,"minecraft:time_since_rest":32889,"minecraft:sprint_one_cm":88828,"minecraft:damage_taken":291,"minecraft:walk_one_cm":36528,"minecraft:drop":8,"minecraft:damage_dealt":1641,"minecraft:swim_one_cm":9954,"minecraft:fly_one_cm":86800,"minecraft:crouch_one_cm":2040,"minecraft:play_time":32889,"minecraft:sneak_time":1249,"minecraft:walk_under_water_one_cm":8274,"minecraft:jump":503,"minecraft:walk_on_water_one_cm":7772,"minecraft:total_world_time":32889,"minecraft:fall_one_cm":15127},"minecraft:crafted":{"minecraft:cooked_beef":8,"minecraft:oak_planks":64,"minecraft:cooked_porkchop":5,"minecraft:crafting_table":1,"minecraft:wooden_pickaxe":1,"minecraft:iron_helmet":1,"minecraft:iron_sword":1,"minecraft:furnace":2,"minecraft:bucket":1,"minecraft:stone_axe":1,"minecraft:air":0,"minecraft:iron_boots":1,"minecraft:iron_chestplate":1,"minecraft:iron_axe":1,"minecraft:stick":12,"minecraft:iron_ingot":45,"minecraft:iron_pickaxe":1,"minecraft:stone_pickaxe":1,"minecraft:wooden_axe":1,"minecraft:stone_sword":1,"minecraft:iron_leggings":1},"minecraft:killed":{"minecraft:pig":2,"minecraft:sheep":3,"minecraft:skeleton":1,"minecraft:zombie":3,"minecraft:cow":4},"minecraft:mined":{"minecraft:crafting_table":6,"minecraft:tall_grass":1,"minecraft:cobblestone":1,"minecraft:deepslate_gold_ore":3,"minecraft:furnace":4,"minecraft:iron_ore":18,"minecraft:pumpkin":1,"minecraft:grass":4,"minecraft:oak_log":16,"minecraft:coal_ore":38,"minecraft:deepslate_iron_ore":44,"minecraft:sunflower":2,"minecraft:gravel":1,"minecraft:dirt":3,"minecraft:stone":41,"minecraft:oak_leaves":3,"minecraft:deepslate":10},"minecraft:dropped":{"minecraft:stone_axe":1,"minecraft:stone_sword":1,"minecraft:wooden_axe":2,"minecraft:sunflower":2,"minecraft:wooden_pickaxe":1,"minecraft:stone_pickaxe":1},"minecraft:used":{"minecraft:water_bucket":10,"minecraft:stone_pickaxe":70,"minecraft:wooden_pickaxe":10,"minecraft:iron_sword":22,"minecraft:dirt":2,"minecraft:crafting_table":6,"minecraft:wooden_axe":39,"minecraft:iron_axe":2,"minecraft:iron_pickaxe":82,"minecraft:iron_helmet":1,"minecraft:stone_axe":2,"minecraft:cobblestone":13,"minecraft:furnace":4,"minecraft:cooked_porkchop":1,"minecraft:bucket":11,"minecraft:cooked_beef":3},"minecraft:picked_up":{"minecraft:wooden_axe":1,"minecraft:crafting_table":6,"minecraft:leather":5,"minecraft:wooden_pickaxe":1,"minecraft:oak_log":16,"minecraft:dirt":3,"minecraft:bone":1,"minecraft:cobbled_deepslate":10,"minecraft:raw_gold":3,"minecraft:iron_ingot":1,"minecraft:beef":8,"minecraft:furnace":4,"minecraft:stick":4,"minecraft:raw_iron":70,"minecraft:pumpkin":1,"minecraft:gravel":1,"minecraft:porkchop":5,"minecraft:rotten_flesh":3,"minecraft:coal":67,"minecraft:mutton":3,"minecraft:white_wool":3,"minecraft:cobblestone":40,"minecraft:sunflower":4}},"DataVersion":3465}