{"stats":{"minecraft:mined":{"minecraft:grass":1,"minecraft:stone":18,"treechop:chopped_log":2},"minecraft:custom":{"minecraft:time_since_rest":6111,"minecraft:crouch_one_cm":70,"minecraft:sprint_one_cm":9151,"minecraft:play_time":6111,"minecraft:damage_taken":20,"minecraft:walk_one_cm":15166,"minecraft:sneak_time":37,"minecraft:mob_kills":1,"minecraft:jump":43,"minecraft:damage_dealt":100,"minecraft:leave_game":1,"minecraft:time_since_death":6111,"minecraft:total_world_time":6111,"minecraft:hex":0,"minecraft:interact_with_crafting_table":1,"minecraft:fall_one_cm":1111,"minecraft:fly_one_cm":8086},"minecraft:killed":{"minecraft:pig":1},"minecraft:crafted":{"minecraft:acacia_planks":24,"minecraft:crafting_table":2,"minecraft:stick":4,"minecraft:wooden_pickaxe":1},"minecraft:picked_up":{"minecraft:acacia_log":6,"minecraft:porkchop":3,"twigs:twig":3,"minecraft:acacia_sapling":1,"minecraft:cobblestone":18},"minecraft:used":{"minecraft:stone_sword":3,"minecraft:crafting_table":1,"minecraft:wooden_pickaxe":18}},"DataVersion":3465}