{"stats":{"minecraft:dropped":{"minecraft:enchanted_book":1,"minecraft:wheat_seeds":1,"minecraft:mossy_cobblestone":1,"minecraft:granite":4,"minecraft:saddle":1,"minecraft:dirt":5,"minecraft:diorite":1,"regions_unexplored:redwood_log":6,"minecraft:string":1,"simplyswords:arcanethyst":1,"minecraft:iron_boots":2,"travelersbackpack:emerald":1,"bewitchment:mandrake_seeds":1,"minecraft:beef":1,"minecraft:stone_pickaxe":1},"minecraft:mined":{"minecraft:candle":1,"minecraft:granite":4,"minecraft:grass_block":3,"modern_industrialization:lignite_coal_ore":3,"minecraft:hay_block":9,"minecraft:furnace":1,"minecraft:iron_ore":5,"minecraft:andesite":17,"minecraft:pumpkin":4,"treechop:chopped_log":2,"minecraft:bookshelf":4,"bewitchment:salt_ore":17,"minecraft:oak_stairs":8,"minecraft:stripped_oak_log":7,"regions_unexplored:medium_grass":9,"minecraft:stone":207,"regions_unexplored:windswept_grass":13,"minecraft:podzol":7,"minecraft:oak_slab":6,"croptopia:starfruit_crop":1,"minecraft:smoker":1,"minecraft:basalt":1,"minecraft:oak_fence":1,"minecraft:crafting_table":1,"modern_industrialization:lead_ore":8,"minecraft:tall_grass":1,"minecraft:copper_ore":4,"minecraft:oak_planks":18,"minecraft:diorite":2,"techreborn:tin_ore":25,"techreborn:silver_ore":6,"techreborn:ruby_ore":2,"minecraft:grass":17,"minecraft:oak_log":28,"minecraft:coal_ore":44,"minecraft:gravel":6,"minecraft:sand":18,"minecraft:dirt":39,"soulsweapons:verglas_ore":1},"minecraft:custom":{"lootr:looted_stat":32,"minecraft:mob_kills":58,"minecraft:interact_with_crafting_table":29,"minecraft:damage_dealt_resisted":0,"minecraft:leave_game":5,"minecraft:time_since_death":19970,"minecraft:climb_one_cm":3282,"minecraft:damage_resisted":0,"minecraft:sprint_one_cm":191118,"minecraft:walk_one_cm":472779,"minecraft:damage_blocked_by_shield":90,"minecraft:drop":16,"minecraft:talked_to_villager":5,"minecraft:play_time":132167,"minecraft:deaths":2,"minecraft:sneak_time":665,"minecraft:walk_under_water_one_cm":8595,"minecraft:jump":1241,"minecraft:walk_on_water_one_cm":6835,"minecraft:total_world_time":132167,"minecraft:raid_trigger":1,"minecraft:sleep_in_bed":2,"minecraft:hex":0,"minecraft:time_since_rest":19994,"minecraft:damage_taken":1293,"minecraft:damage_dealt":11220,"minecraft:swim_one_cm":17092,"minecraft:fly_one_cm":132318,"minecraft:open_chest":56,"minecraft:crouch_one_cm":1401,"minecraft:threat":3,"minecraft:fall_one_cm":22047},"minecraft:killed":{"minecraft:cave_spider":1,"minecraft:vindicator":6,"minecraft:spider":1,"naturalist:boar":1,"minecraft:skeleton":6,"minecraft:drowned":3,"minecraft:pig":2,"graveyard:ghoul":2,"naturalist:firefly":1,"minecraft:creeper":2,"bewitchment:raven":1,"minecraft:sheep":4,"minecraft:pillager":15,"minecraft:zombie":8,"minecraft:cow":4},"minecraft:crafted":{"minecraft:oak_planks":112,"techreborn:manual":2,"comforts:sleeping_bag_white":1,"minecraft:stone_pickaxe":2,"techreborn:treetap":1,"minecraft:chest":5,"techreborn:iron_furnace":1,"minecraft:crafting_table":4,"travelersbackpack:backpack_tank":2,"minecraft:wooden_pickaxe":1,"travelersbackpack:standard":1,"indrev:lead_pickaxe":1,"techreborn:insulated_copper_cable":3,"travelersbackpack:emerald":1,"techreborn:copper_cable":6,"minecraft:stick":20,"minecraft:acacia_planks":24,"minecraft:torch":32},"minecraft:picked_up":{"techreborn:raw_tin":25,"minecraft:charcoal":2,"minecraft:crafting_table":1,"minecraft:oak_stairs":10,"minecraft:enchanted_book":1,"minecraft:string":1,"minecraft:raw_copper":15,"techreborn:raw_silver":6,"minecraft:candle":3,"twigs:pebble":3,"minecraft:beef":6,"minecraft:light_gray_wool":1,"regions_unexplored:redwood_log":6,"minecraft:iron_boots":2,"minecraft:furnace":1,"minecraft:raw_iron":5,"minecraft:oak_fence":1,"minecraft:torch":1,"minecraft:acacia_log":6,"simplyswords:arcanethyst":1,"techreborn:ruby_gem":3,"minecraft:porkchop":7,"minecraft:diorite":2,"minecraft:arrow":21,"minecraft:rotten_flesh":1,"minecraft:hay_block":10,"minecraft:saddle":1,"minecraft:mutton":5,"minecraft:white_wool":3,"minecraft:cobblestone":152,"minecraft:nautilus_shell":1,"minecraft:stripped_oak_log":6,"minecraft:basalt":2,"minecraft:leather":7,"minecraft:smoker":1,"minecraft:filled_map":1,"minecraft:oak_log":28,"bewitchment:aconite_seeds":1,"minecraft:dirt":44,"minecraft:bone":6,"minecraft:wheat_seeds":1,"bewitchment:mandrake_seeds":1,"minecraft:iron_ingot":1,"fishofthieves:earthworms":4,"twigs:twig":3,"minecraft:oak_planks":8,"minecraft:acacia_sapling":1,"minecraft:book":12,"minecraft:oak_slab":6,"minecraft:pumpkin":4,"croptopia:starfruit":1,"minecraft:gravel":6,"minecraft:sand":18,"bewitchment:salt":25,"techreborn:red_garnet_gem":1,"minecraft:mossy_cobblestone":1,"beachparty:rubber_ring_pelican":1,"minecraft:white_candle":4,"minecraft:granite":4,"soulsweapons:verglas":1,"fishofthieves:leeches":3,"minecraft:emerald":9,"modern_industrialization:raw_lead":8,"minecraft:coal":74},"minecraft:killed_by":{"minecraft:drowned":1,"minecraft:zombie":1},"minecraft:used":{"minecraft:writable_book":2,"minecraft:stone_sword":40,"techreborn:iron_furnace":1,"croptopia:starfruit":1,"minecraft:chest":4,"minecraft:shield":4,"minecraft:iron_chestplate":1,"minecraft:white_candle":4,"minecraft:torch":32,"mcdw:double_axe_double":129,"simplyswords:arcanethyst":133,"minecraft:stone_pickaxe":114,"minecraft:wooden_pickaxe":24,"minecraft:crafting_table":5,"minecraft:bread":15,"minecraft:iron_pickaxe":148,"minecraft:cobblestone":34,"minecraft:porkchop":4,"minecraft:pumpkin_pie":1,"indrev:lead_pickaxe":104,"minecraft:candle":3,"beachparty:rubber_ring_pelican":1},"minecraft:broken":{"minecraft:iron_pickaxe":1}},"DataVersion":3465}