{"stats":{"minecraft:custom":{"minecraft:mob_kills":19,"minecraft:interact_with_crafting_table":19,"minecraft:bell_ring":1,"minecraft:leave_game":1,"minecraft:time_since_death":15721,"minecraft:climb_one_cm":358,"minecraft:sprint_one_cm":370487,"minecraft:walk_one_cm":205541,"minecraft:damage_blocked_by_shield":800,"minecraft:drop":17,"minecraft:talked_to_villager":9,"minecraft:play_time":94373,"minecraft:deaths":1,"minecraft:sneak_time":2548,"minecraft:walk_under_water_one_cm":4463,"minecraft:jump":1499,"minecraft:walk_on_water_one_cm":12870,"minecraft:total_world_time":94373,"minecraft:interact_with_furnace":4,"minecraft:traded_with_villager":1,"minecraft:sleep_in_bed":1,"minecraft:time_since_rest":15890,"minecraft:damage_taken":863,"minecraft:damage_dealt":4935,"minecraft:swim_one_cm":50739,"minecraft:fly_one_cm":274743,"minecraft:open_chest":30,"minecraft:crouch_one_cm":8971,"minecraft:fall_one_cm":36308,"minecraft:horse_one_cm":5283},"minecraft:broken":{"minecraft:stone_pickaxe":2},"minecraft:crafted":{"minecraft:oak_planks":60,"minecraft:stone_shovel":1,"minecraft:stone_pickaxe":3,"minecraft:chest":3,"minecraft:wheat":117,"minecraft:emerald":1,"minecraft:crafting_table":2,"minecraft:wooden_pickaxe":2,"minecraft:bucket":2,"minecraft:stone_axe":3,"minecraft:air":0,"minecraft:bread":39,"minecraft:wooden_hoe":1,"minecraft:shield":1,"minecraft:stick":24,"minecraft:iron_ingot":7,"minecraft:gold_ingot":2},"minecraft:killed":{"minecraft:spider":2,"minecraft:skeleton":4,"minecraft:turtle":1,"minecraft:pig":2,"minecraft:hoglin":2,"minecraft:donkey":1,"minecraft:zombie":3,"minecraft:enderman":1,"minecraft:cow":2},"minecraft:mined":{"minecraft:nether_gold_ore":15,"minecraft:brewing_stand":1,"minecraft:granite":3,"minecraft:grass_block":7,"minecraft:soul_soil":1,"minecraft:hay_block":48,"minecraft:polished_blackstone_bricks":2,"minecraft:magma_block":19,"minecraft:carrots":4,"minecraft:iron_ore":15,"minecraft:andesite":9,"minecraft:potatoes":3,"minecraft:stone":152,"minecraft:bone_block":6,"minecraft:soul_sand":2,"minecraft:crimson_nylium":3,"minecraft:soul_fire":1,"minecraft:stone_brick_slab":1,"minecraft:oak_fence":1,"minecraft:crafting_table":8,"minecraft:warped_roots":1,"minecraft:chest":1,"minecraft:nether_quartz_ore":27,"minecraft:tall_grass":1,"minecraft:cobblestone":1,"minecraft:sugar_cane":3,"minecraft:warped_wart_block":1,"minecraft:pink_petals":1,"minecraft:nether_wart_block":1,"minecraft:birch_log":4,"minecraft:wheat":14,"minecraft:grass":5,"minecraft:coal_ore":35,"minecraft:oak_log":29,"minecraft:beetroots":2,"minecraft:dirt":35,"minecraft:cracked_stone_bricks":1,"minecraft:stonecutter":1,"minecraft:stone_bricks":1,"minecraft:netherrack":63,"minecraft:oak_leaves":2},"minecraft:killed_by":{"minecraft:piglin_brute":1},"minecraft:dropped":{"minecraft:wheat_seeds":9,"minecraft:oak_log":1,"minecraft:orange_tulip":1,"minecraft:oxeye_daisy":1,"minecraft:cornflower":1,"minecraft:gold_nugget":1,"minecraft:dandelion":8,"minecraft:gold_ingot":2,"minecraft:white_tulip":1,"minecraft:poppy":1,"minecraft:beetroot_seeds":2,"minecraft:stone_pickaxe":1,"minecraft:red_tulip":1},"minecraft:used":{"minecraft:stone_shovel":13,"minecraft:chest":2,"minecraft:shield":20,"minecraft:iron_sword":56,"minecraft:rotten_flesh":2,"minecraft:netherrack":62,"minecraft:dirt":37,"minecraft:soul_sand":2,"minecraft:mutton":3,"minecraft:carrot":3,"minecraft:obsidian":1,"minecraft:lava_bucket":2,"minecraft:red_tulip":1,"minecraft:soul_soil":1,"minecraft:furnace":2,"minecraft:potato":1,"minecraft:water_bucket":4,"minecraft:stone_pickaxe":346,"minecraft:oak_planks":43,"minecraft:blackstone":3,"minecraft:wooden_pickaxe":15,"minecraft:sugar_cane":6,"minecraft:cracked_stone_bricks":1,"minecraft:crafting_table":5,"minecraft:wooden_hoe":23,"minecraft:sunflower":1,"minecraft:bread":20,"minecraft:golden_leggings":1,"minecraft:stone_axe":139,"minecraft:fire_charge":1,"minecraft:cobblestone":28,"minecraft:bucket":7,"minecraft:dandelion":1},"minecraft:picked_up":{"minecraft:crafting_table":6,"minecraft:brewing_stand":1,"minecraft:cornflower":1,"minecraft:string":4,"minecraft:soul_soil":1,"minecraft:blackstone":27,"minecraft:cracked_stone_bricks":1,"minecraft:gold_nugget":73,"minecraft:beef":5,"minecraft:white_tulip":1,"minecraft:poppy":1,"minecraft:sugar_cane":6,"minecraft:furnace":2,"minecraft:raw_iron":15,"minecraft:stick":4,"minecraft:oak_fence":1,"minecraft:porkchop":10,"minecraft:polished_blackstone_bricks":1,"minecraft:carrot":3,"minecraft:arrow":4,"minecraft:rotten_flesh":3,"minecraft:beetroot_seeds":2,"minecraft:hay_block":47,"minecraft:red_tulip":3,"minecraft:mutton":3,"minecraft:white_wool":3,"minecraft:bone_block":6,"minecraft:cobblestone":146,"minecraft:oxeye_daisy":1,"minecraft:birch_log":4,"minecraft:pink_petals":1,"minecraft:magma_block":19,"minecraft:andesite":7,"minecraft:leather":13,"minecraft:potato":1,"minecraft:oak_log":32,"minecraft:nether_wart_block":1,"minecraft:dirt":40,"minecraft:bone":6,"minecraft:stone_bricks":1,"minecraft:stonecutter":1,"minecraft:bow":1,"minecraft:wheat_seeds":9,"minecraft:orange_tulip":1,"minecraft:stone_pickaxe":1,"minecraft:oak_planks":44,"minecraft:iron_sword":1,"minecraft:soul_sand":2,"minecraft:pumpkin":1,"minecraft:warped_wart_block":1,"minecraft:stone_brick_slab":1,"minecraft:quartz":27,"minecraft:dandelion":9,"minecraft:spider_eye":1,"minecraft:granite":8,"minecraft:warped_roots":2,"minecraft:oak_sapling":1,"minecraft:netherrack":63,"minecraft:coal":35,"minecraft:crimson_roots":1,"minecraft:sunflower":5}},"DataVersion":3465}