{"stats":{"minecraft:dropped":{"minecraft:iron_sword":4,"minecraft:oak_log":6,"mutantmonsters:creeper_shard":1,"minecraft:iron_horse_armor":1,"minecraft:saddle":1,"minecraft:red_mushroom":6,"artifacts:night_vision_goggles":1,"minecraft:dirt":106,"minecraft:cornflower":1,"twigs:twig":34,"mutantmonsters:hulk_hammer":1,"simplyswords:arcanethyst":1,"indrev:lead_shovel":1,"minecraft:poppy":32,"minecraft:hopper":1,"minecraft:leather_boots":1,"minecraft:leather_leggings":2,"minecraft:beef":1,"minecraft:enchanted_book":1,"minecraft:iron_ingot":7,"minecraft:oak_slab":6,"techreborn:refined_iron_storage_block":1,"minecraft:wheat_seeds":1,"minecraft:mossy_cobblestone":1,"minecraft:granite":4,"minecraft:chainmail_helmet":1,"minecraft:stick":1,"minecraft:diorite":6,"minecraft:torch":2,"techreborn:electric_furnace":1,"regions_unexplored:redwood_log":6,"minecraft:string":1,"minecraft:bucket":2,"minecraft:iron_boots":2,"minecraft:name_tag":10,"minecraft:oak_sign":9,"travelersbackpack:emerald":1,"bewitchment:mandrake_seeds":1,"fishofthieves:earthworms":7,"minecraft:oak_button":9,"minecraft:yellow_bed":1,"minecraft:oak_boat":1,"minecraft:golden_sword":1,"minecraft:barrel":3,"minecraft:stone_pickaxe":1},"minecraft:custom":{"lootr:looted_stat":56,"minecraft:interact_with_crafting_table":108,"minecraft:eat_cake_slice":1,"minecraft:leave_game":8,"minecraft:time_since_death":64988,"minecraft:damage_resisted":0,"minecraft:sprint_one_cm":407832,"minecraft:damage_blocked_by_shield":90,"minecraft:drop":58,"minecraft:talked_to_villager":10,"minecraft:play_time":383409,"minecraft:deaths":16,"minecraft:jump":2561,"minecraft:walk_on_water_one_cm":33375,"minecraft:interact_with_furnace":12,"minecraft:traded_with_villager":18,"minecraft:interact_with_loom":1,"minecraft:sleep_in_bed":5,"minecraft:damage_dealt":37022,"minecraft:crouch_one_cm":22351,"minecraft:mob_kills":141,"minecraft:damage_dealt_resisted":0,"minecraft:climb_one_cm":6944,"minecraft:walk_one_cm":1373489,"minecraft:sneak_time":6320,"minecraft:walk_under_water_one_cm":28531,"minecraft:interact_with_blast_furnace":40,"minecraft:total_world_time":383409,"minecraft:raid_trigger":1,"minecraft:hex":0,"minecraft:time_since_rest":9715,"minecraft:damage_taken":6659,"minecraft:swim_one_cm":26752,"minecraft:fly_one_cm":259221,"minecraft:open_chest":300,"minecraft:threat":5,"minecraft:fall_one_cm":67009},"minecraft:mined":{"techreborn:iron_furnace":1,"minecraft:cobblestone_stairs":2,"minecraft:obsidian":5,"minecraft:granite":21,"minecraft:grass_block":95,"modern_industrialization:deepslate_lead_ore":8,"modern_industrialization:lignite_coal_ore":3,"minecraft:gilded_blackstone":3,"minecraft:spawner":1,"regions_unexplored:pointed_redstone":1,"minecraft:iron_ore":24,"minecraft:fire":1,"techreborn:deepslate_lead_ore":4,"minecraft:pumpkin":4,"techreborn:basic_solar_panel":2,"minecraft:deepslate_lapis_ore":1,"minecraft:dirt_path":8,"minecraft:oak_stairs":17,"modern_industrialization:deepslate_bauxite_ore":3,"minecraft:deepslate_redstone_ore":6,"croptopia:starfruit_crop":1,"minecraft:cut_sandstone":20,"minecraft:smoker":1,"techreborn:basic_machine_frame":1,"minecraft:torch":4,"techreborn:deepslate_tin_ore":8,"minecraft:chest":1,"minecraft:cobblestone":18,"minecraft:sugar_cane":1,"minecraft:oak_planks":54,"minecraft:wall_torch":5,"powah:deepslate_uraninite_ore_poor":1,"techreborn:silver_ore":11,"techreborn:compressor":1,"minecraft:grass":57,"minecraft:oak_log":46,"techreborn:galena_ore":3,"minecraft:sand":18,"minecraft:dirt":115,"techreborn:insulated_copper_cable":1,"minecraft:deepslate":4,"techreborn:rubber_sapling":2,"soulsweapons:verglas_ore":1,"minecraft:candle":2,"minecraft:stripped_birch_log":1,"modern_industrialization:bauxite_ore":2,"minecraft:decorated_pot":1,"techreborn:solid_fuel_generator":1,"techreborn:electric_furnace":1,"regions_unexplored:raw_redstone_block":5,"minecraft:sandstone":27,"minecraft:hay_block":20,"minecraft:redstone_ore":11,"minecraft:furnace":2,"techreborn:lead_ore":8,"minecraft:chiseled_sandstone":4,"minecraft:andesite":26,"treechop:chopped_log":26,"minecraft:peony":1,"minecraft:bookshelf":4,"minecraft:deepslate_iron_ore":12,"minecraft:vine":1,"bewitchment:salt_ore":17,"minecraft:stripped_oak_log":7,"regions_unexplored:medium_grass":12,"minecraft:stone":297,"ad_astra:sky_stone":5,"regions_unexplored:windswept_grass":21,"minecraft:podzol":7,"minecraft:oak_slab":29,"minecraft:basalt":1,"minecraft:oak_fence":24,"minecraft:smooth_sandstone":6,"minecraft:crafting_table":2,"botania:yellow_double_flower":1,"modern_industrialization:lead_ore":16,"minecraft:rose_bush":2,"minecraft:tall_grass":5,"minecraft:copper_ore":4,"minecraft:lapis_ore":1,"minecraft:deepslate_gold_ore":2,"minecraft:diorite":11,"techreborn:tin_ore":33,"minecraft:coarse_dirt":6,"techreborn:rubber_leaves":54,"regions_unexplored:redstone_bud":5,"techreborn:ruby_ore":2,"modern_industrialization:antimony_ore":2,"techreborn:copper_cable":3,"minecraft:yellow_bed":2,"minecraft:coal_ore":61,"minecraft:gravel":19,"minecraft:cobweb":1,"techreborn:resin_basin":2,"minecraft:fern":2,"techreborn:rubber_log":3},"minecraft:killed":{"minecraft:cave_spider":1,"minecraft:spider":1,"naturalist:boar":1,"minecraft:skeleton":7,"minecells:leaping_zombie":1,"minecraft:pig":2,"naturalist:firefly":1,"minecraft:iron_golem":3,"mutantmonsters:mutant_skeleton":1,"minecraft:creeper":3,"bewitchment:raven":4,"minecraft:sheep":4,"minecraft:pillager":15,"minecraft:zombie":18,"betterend:shadow_walker":1,"mutantmonsters:mutant_creeper":1,"minecraft:cow":4,"naturalist:lion":3,"minecells:mutated_bat":1,"minecraft:vindicator":7,"bewitchment:ghost":1,"minecraft:phantom":2,"friendsandfoes:mauler":1,"mutantmonsters:mutant_snow_golem":1,"aqupd:caracal":3,"minecraft:drowned":10,"minecraft:husk":35,"graveyard:ghoul":2,"mutantmonsters:creeper_minion":1,"mutantmonsters:mutant_zombie":1,"minecraft:enderman":1},"minecraft:crafted":{"indrev:lead_shovel":2,"minecraft:smooth_stone":8,"minecraft:oak_planks":492,"minecraft:oak_sign":9,"minecraft:barrel":3,"techreborn:red_cell_battery":4,"techreborn:manual":2,"minecraft:cobblestone_stairs":72,"minecraft:stone":9,"minecraft:iron_bars":16,"techreborn:lead_ingot":3,"minecraft:hopper":2,"techreborn:rubber_slab":6,"techreborn:electric_furnace":1,"indrev:lead_axe":1,"techreborn:treetap":5,"minecraft:chest":14,"minecraft:oak_button":9,"techreborn:basic_solar_panel":1,"minecraft:oak_fence":66,"minecraft:oak_slab":6,"minecraft:crafting_table":6,"minecraft:wooden_pickaxe":1,"travelersbackpack:standard":2,"minecraft:copper_ingot":13,"minecraft:birch_planks":20,"techreborn:insulated_copper_cable":64,"techreborn:rubber_trapdoor":2,"travelersbackpack:emerald":1,"minecraft:diamond_pickaxe":1,"minecraft:stick":192,"minecraft:iron_ingot":17,"techreborn:basic_drill":1,"techreborn:rubber_planks":32,"comforts:sleeping_bag_white":2,"minecraft:furnace":3,"minecraft:blast_furnace":1,"techreborn:grinder":1,"minecraft:bone_meal":27,"techreborn:compressor":1,"minecraft:glass_pane":16,"techreborn:resin_basin":1,"techreborn:tin_ingot":10,"techreborn:basic_machine_frame":9,"minecraft:stone_pickaxe":2,"techreborn:solid_fuel_generator":2,"techreborn:iron_furnace":1,"techreborn:drain":1,"techreborn:refined_iron_storage_block":9,"botania:yellow_petal":4,"travelersbackpack:backpack_tank":4,"indrev:lead_pickaxe":1,"techreborn:electronic_circuit":16,"minecraft:bucket":4,"minecraft:air":0,"techreborn:refined_iron_ingot":91,"minecraft:oak_fence_gate":2,"minecraft:oak_boat":1,"minecraft:white_wool":3,"techreborn:copper_cable":30,"techreborn:cell":4,"minecraft:acacia_planks":24,"minecraft:torch":88},"minecraft:picked_up":{"regions_unexplored:pointed_redstone":1,"techreborn:raw_tin":43,"techreborn:iron_furnace":1,"minecraft:oak_stairs":21,"minecraft:enchanted_book":1,"minecraft:gilded_blackstone":2,"minecraft:golden_sword":1,"minecraft:string":3,"mutantmonsters:mutant_skeleton_skull":1,"minecraft:raw_copper":15,"techreborn:copper_cable":3,"techreborn:galena_ore":3,"minecraft:gold_nugget":3,"minecraft:cobbled_deepslate":11,"minecraft:bucket":1,"twigs:pebble":10,"minecraft:rose_bush":2,"minecraft:ender_eye":3,"techreborn:rubber_log":33,"minecraft:furnace":2,"regions_unexplored:redwood_log":6,"minecraft:iron_boots":2,"minecraft:stick":1,"minecraft:oak_fence":29,"minecraft:torch":12,"minecraft:acacia_log":6,"simplyswords:arcanethyst":1,"minecraft:porkchop":7,"regions_unexplored:raw_redstone_block":5,"minecraft:diorite":20,"techreborn:basic_machine_frame":1,"mutantmonsters:mutant_skeleton_pelvis":1,"mcdw:double_axe_double":1,"mutantmonsters:hulk_hammer":1,"minecraft:rotten_flesh":39,"croptopia:persimmon":8,"mutantmonsters:mutant_skeleton_shoulder_pad":2,"minecraft:obsidian":5,"minecraft:snowball":18,"minecraft:cobblestone":320,"minecraft:nautilus_shell":2,"minecraft:birch_log":14,"minecraft:feather":2,"minecraft:andesite":8,"minecraft:smoker":1,"minecraft:flint":3,"minecraft:stripped_birch_log":1,"minecraft:lapis_lazuli":14,"minecraft:dirt":294,"minecraft:name_tag":10,"minecraft:leather_boots":1,"minecraft:bone":11,"minecraft:wheat_seeds":15,"minecraft:raw_gold":2,"fishofthieves:earthworms":35,"modern_industrialization:bauxite_dust":5,"twigs:twig":61,"minecraft:oak_planks":58,"techreborn:solid_fuel_generator":1,"botania:yellow_double_flower":1,"techreborn:raw_lead":12,"minecraft:sand":19,"minecraft:ink_sac":2,"minecraft:grass_block":1,"minecraft:chiseled_sandstone":2,"techreborn:rubber_sapling":15,"techreborn:red_garnet_gem":1,"minecraft:mossy_cobblestone":1,"beachparty:rubber_ring_pelican":1,"minecraft:white_candle":4,"minecraft:granite":21,"minecraft:emerald":9,"soulsweapons:verglas":1,"fishofthieves:leeches":3,"minecraft:chainmail_helmet":1,"bewitchment:ectoplasm":3,"modern_industrialization:salt_dust":1,"minecraft:oak_sapling":50,"minecraft:fishing_rod":1,"minecraft:charcoal":2,"minecraft:coarse_dirt":5,"minecraft:crafting_table":3,"techreborn:compressor":1,"minecraft:leather_leggings":2,"minecraft:brown_mushroom":2,"ad_astra:sky_stone":5,"techreborn:electric_furnace":2,"minecraft:cornflower":2,"minecraft:oak_trapdoor":1,"minecraft:iron_axe":1,"minecraft:item_frame":4,"techreborn:resin_basin":2,"croptopia:pear":2,"techreborn:raw_silver":11,"minecraft:candle":3,"minecraft:beef":6,"minecraft:poppy":3,"minecraft:chest":1,"minecraft:light_gray_wool":1,"minecraft:sugar_cane":7,"minecraft:birch_sapling":8,"minecraft:phantom_membrane":2,"minecraft:raw_iron":50,"minecraft:sandstone":21,"techreborn:ruby_gem":3,"techreborn:refined_iron_storage_block":1,"minecraft:carrot":1,"minecraft:redstone":93,"mutantmonsters:creeper_shard":2,"regions_unexplored:redstone_bulb":1,"minecraft:arrow":22,"minecraft:decorated_pot":1,"minecraft:peony":1,"mcda:phantom_bones":1,"minecraft:hay_block":21,"mutantmonsters:mutant_skeleton_rib":5,"minecraft:saddle":1,"minecraft:mutton":5,"minecraft:white_wool":5,"minecraft:stripped_oak_log":7,"modern_industrialization:raw_antimony":2,"minecraft:basalt":2,"minecraft:cut_sandstone":19,"minecraft:leather":7,"minecraft:red_mushroom":6,"minecraft:filled_map":1,"minecraft:oak_log":187,"minecraft:yellow_bed":2,"minecraft:gunpowder":3,"minecraft:cobblestone_stairs":2,"bewitchment:aconite_seeds":2,"mutantmonsters:mutant_skeleton_limb":8,"techreborn:sap":1,"minecraft:smooth_sandstone":4,"minecraft:apple":5,"bewitchment:mandrake_seeds":3,"minecraft:iron_ingot":85,"minecraft:iron_sword":4,"minecraft:acacia_sapling":1,"minecraft:book":12,"minecraft:oak_slab":30,"minecraft:pumpkin":4,"croptopia:starfruit":1,"minecraft:dandelion":2,"minecraft:gravel":16,"techreborn:insulated_copper_cable":1,"bewitchment:salt":25,"powah:uraninite_raw":1,"techreborn:basic_solar_panel":2,"minecraft:iron_helmet":1,"minecraft:gray_wool":1,"modern_industrialization:raw_lead":24,"minecraft:coal":91,"minecraft:ender_pearl":5},"minecraft:killed_by":{"minecraft:drowned":3,"mutantmonsters:mutant_creeper":3,"minecraft:zombie":3,"minecraft:husk":1,"mutantmonsters:mutant_enderman":1,"minecraft:iron_golem":4},"minecraft:used":{"minecraft:writable_book":2,"minecraft:decorated_pot":1,"minecraft:chest":11,"minecraft:shield":4,"minecraft:iron_sword":6,"indrev:lead_shovel":72,"minecraft:rotten_flesh":1,"techreborn:compressor":2,"minecraft:iron_chestplate":1,"minecraft:white_candle":4,"techreborn:insulated_copper_cable":22,"minecraft:weathered_copper":2,"minecraft:carrot":1,"minecraft:iron_helmet":1,"mcdw:double_axe_double":185,"simplyswords:arcanethyst":755,"mutantmonsters:hulk_hammer":1,"minecraft:furnace":1,"indrev:lead_axe":288,"croptopia:pear":2,"minecraft:diorite":2,"minecraft:stripped_birch_log":1,"minecraft:stone_pickaxe":130,"minecraft:oak_planks":16,"minecraft:wooden_pickaxe":24,"minecraft:sandstone":21,"minecraft:blast_furnace":1,"mutantmonsters:mutant_skeleton_skull":1,"techreborn:rubber_log":2,"minecraft:bread":33,"minecraft:gravel":13,"techreborn:solid_fuel_generator":2,"minecraft:birch_log":3,"minecraft:coarse_dirt":5,"minecraft:bone_meal":29,"minecraft:oak_fence":84,"botania:yellow_petal":1,"minecraft:stone_sword":40,"techreborn:grinder":1,"techreborn:iron_furnace":1,"croptopia:starfruit":1,"minecraft:torch":81,"minecraft:dirt":237,"minecraft:oak_fence_gate":2,"minecraft:iron_axe":13,"techreborn:copper_cable":3,"croptopia:persimmon":8,"techreborn:resin_basin":3,"minecraft:cooked_mutton":5,"techreborn:electric_furnace":2,"techreborn:basic_machine_frame":1,"minecraft:cobblestone_stairs":30,"minecraft:blue_wool":12,"minecraft:brown_mushroom":1,"minecraft:cut_sandstone":1,"minecraft:crafting_table":7,"techreborn:rubber_sapling":11,"techreborn:basic_solar_panel":3,"minecraft:diamond_pickaxe":6,"minecraft:apple":2,"minecraft:iron_pickaxe":148,"minecraft:cobblestone":92,"minecraft:porkchop":4,"minecraft:bucket":4,"minecraft:pumpkin_pie":1,"minecraft:yellow_bed":1,"indrev:lead_pickaxe":451,"beachparty:rubber_ring_pelican":2,"minecraft:candle":3,"techreborn:basic_drill":67},"minecraft:broken":{"beachparty:rubber_ring_pelican":1,"minecraft:iron_pickaxe":1,"mcdw:double_axe_double":1,"techreborn:treetap":1}},"DataVersion":3465}