{"stats":{"minecraft:dropped":{"minecraft:wheat_seeds":1,"minecraft:mossy_cobblestone":1,"simplyswords:arcanethyst":1,"minecraft:granite":4,"minecraft:dirt":5,"minecraft:diorite":1,"regions_unexplored:redwood_log":6,"minecraft:stone_pickaxe":1,"minecraft:beef":1,"minecraft:string":1},"minecraft:custom":{"lootr:looted_stat":29,"minecraft:mob_kills":30,"minecraft:interact_with_crafting_table":8,"minecraft:raid_trigger":1,"minecraft:damage_dealt_resisted":0,"minecraft:leave_game":3,"minecraft:time_since_death":54127,"minecraft:climb_one_cm":2902,"minecraft:damage_resisted":0,"minecraft:hex":0,"minecraft:time_since_rest":54127,"minecraft:sprint_one_cm":104533,"minecraft:damage_taken":498,"minecraft:walk_one_cm":257807,"minecraft:damage_blocked_by_shield":90,"minecraft:drop":10,"minecraft:damage_dealt":6023,"minecraft:swim_one_cm":3486,"minecraft:talked_to_villager":3,"minecraft:fly_one_cm":78662,"minecraft:open_chest":4,"minecraft:crouch_one_cm":1368,"minecraft:play_time":54127,"minecraft:sneak_time":547,"minecraft:walk_under_water_one_cm":872,"minecraft:jump":716,"minecraft:walk_on_water_one_cm":919,"minecraft:threat":2,"minecraft:total_world_time":54127,"minecraft:fall_one_cm":14574},"minecraft:mined":{"minecraft:podzol":7,"minecraft:basalt":1,"minecraft:granite":4,"modern_industrialization:lignite_coal_ore":3,"minecraft:copper_ore":4,"minecraft:diorite":1,"minecraft:iron_ore":5,"minecraft:andesite":17,"treechop:chopped_log":2,"minecraft:grass":2,"minecraft:coal_ore":33,"minecraft:dirt":3,"regions_unexplored:medium_grass":1,"minecraft:stone":102},"minecraft:killed":{"minecraft:cave_spider":1,"minecraft:pig":2,"minecraft:spider":1,"minecraft:vindicator":6,"naturalist:boar":1,"minecraft:skeleton":2,"minecraft:pillager":15,"minecraft:cow":1},"minecraft:crafted":{"minecraft:crafting_table":2,"minecraft:wooden_pickaxe":1,"minecraft:stick":4,"minecraft:stone_pickaxe":1,"minecraft:acacia_planks":24},"minecraft:picked_up":{"minecraft:basalt":2,"minecraft:leather":3,"minecraft:filled_map":1,"minecraft:string":1,"minecraft:dirt":5,"minecraft:raw_copper":15,"minecraft:bone":2,"minecraft:wheat_seeds":1,"minecraft:beef":3,"twigs:twig":3,"minecraft:acacia_sapling":1,"regions_unexplored:redwood_log":6,"minecraft:raw_iron":5,"minecraft:acacia_log":6,"simplyswords:arcanethyst":1,"minecraft:porkchop":7,"minecraft:diorite":1,"minecraft:mossy_cobblestone":1,"beachparty:rubber_ring_pelican":1,"minecraft:arrow":16,"minecraft:granite":4,"minecraft:emerald":9,"minecraft:coal":33,"minecraft:cobblestone":47},"minecraft:used":{"minecraft:writable_book":2,"minecraft:stone_sword":40,"minecraft:stone_pickaxe":67,"minecraft:shield":4,"minecraft:wooden_pickaxe":24,"minecraft:crafting_table":2,"minecraft:bread":9,"minecraft:iron_pickaxe":86,"mcdw:double_axe_double":4,"simplyswords:arcanethyst":71,"minecraft:cobblestone":33,"minecraft:porkchop":4}},"DataVersion":3465}