{"stats":{"minecraft:dropped":{"minecraft:dirt":5,"minecraft:wheat_seeds":1,"minecraft:diorite":1,"minecraft:mossy_cobblestone":1,"regions_unexplored:redwood_log":6,"simplyswords:arcanethyst":1,"minecraft:granite":4,"minecraft:beef":1,"minecraft:stone_pickaxe":1,"minecraft:string":1},"minecraft:mined":{"minecraft:podzol":4,"minecraft:iron_ore":5,"minecraft:basalt":1,"treechop:chopped_log":2,"minecraft:granite":4,"minecraft:grass":2,"minecraft:coal_ore":33,"minecraft:copper_ore":4,"regions_unexplored:medium_grass":1,"minecraft:stone":42,"minecraft:diorite":1},"minecraft:custom":{"minecraft:time_since_rest":42127,"lootr:looted_stat":28,"minecraft:sprint_one_cm":74425,"minecraft:damage_taken":367,"minecraft:walk_one_cm":186898,"minecraft:damage_blocked_by_shield":90,"minecraft:mob_kills":20,"minecraft:drop":10,"minecraft:damage_dealt":4215,"minecraft:talked_to_villager":3,"minecraft:interact_with_crafting_table":8,"minecraft:swim_one_cm":3486,"minecraft:fly_one_cm":64862,"minecraft:open_chest":4,"minecraft:crouch_one_cm":1174,"minecraft:play_time":42127,"minecraft:sneak_time":483,"minecraft:walk_under_water_one_cm":872,"minecraft:jump":542,"minecraft:damage_dealt_resisted":0,"minecraft:leave_game":3,"minecraft:time_since_death":42127,"minecraft:walk_on_water_one_cm":823,"minecraft:total_world_time":42127,"minecraft:climb_one_cm":2782,"minecraft:damage_resisted":0,"minecraft:hex":0,"minecraft:fall_one_cm":11597},"minecraft:killed":{"minecraft:skeleton":1,"minecraft:pillager":8,"minecraft:pig":2,"minecraft:vindicator":6,"naturalist:boar":1,"minecraft:cow":1},"minecraft:crafted":{"minecraft:crafting_table":2,"minecraft:stick":4,"minecraft:wooden_pickaxe":1,"minecraft:stone_pickaxe":1,"minecraft:acacia_planks":24},"minecraft:picked_up":{"minecraft:raw_iron":5,"minecraft:basalt":2,"minecraft:leather":3,"minecraft:acacia_log":6,"simplyswords:arcanethyst":1,"minecraft:filled_map":1,"minecraft:porkchop":7,"minecraft:diorite":1,"minecraft:mossy_cobblestone":1,"minecraft:dirt":5,"minecraft:string":1,"minecraft:raw_copper":15,"beachparty:rubber_ring_pelican":1,"minecraft:bone":2,"minecraft:arrow":11,"minecraft:wheat_seeds":1,"minecraft:granite":4,"minecraft:beef":3,"minecraft:emerald":7,"twigs:twig":3,"minecraft:acacia_sapling":1,"minecraft:coal":33,"minecraft:cobblestone":47,"regions_unexplored:redwood_log":6},"minecraft:used":{"minecraft:writable_book":2,"minecraft:stone_sword":40,"minecraft:stone_pickaxe":67,"minecraft:bread":6,"mcdw:double_axe_double":4,"minecraft:wooden_pickaxe":24,"minecraft:shield":4,"simplyswords:arcanethyst":43,"minecraft:cobblestone":33,"minecraft:crafting_table":2,"minecraft:porkchop":4}},"DataVersion":3465}