{"stats":{"minecraft:custom":{"minecraft:interact_with_furnace":2,"minecraft:mob_kills":15,"minecraft:traded_with_villager":1,"minecraft:interact_with_crafting_table":15,"minecraft:bell_ring":1,"minecraft:time_since_death":66945,"minecraft:sleep_in_bed":1,"minecraft:climb_one_cm":358,"minecraft:time_since_rest":40936,"minecraft:sprint_one_cm":287060,"minecraft:damage_taken":390,"minecraft:walk_one_cm":171702,"minecraft:damage_blocked_by_shield":510,"minecraft:drop":17,"minecraft:damage_dealt":3200,"minecraft:swim_one_cm":45381,"minecraft:talked_to_villager":9,"minecraft:fly_one_cm":222770,"minecraft:open_chest":20,"minecraft:crouch_one_cm":1954,"minecraft:play_time":66945,"minecraft:sneak_time":520,"minecraft:walk_under_water_one_cm":4362,"minecraft:jump":1143,"minecraft:walk_on_water_one_cm":11985,"minecraft:horse_one_cm":5283,"minecraft:total_world_time":66945,"minecraft:fall_one_cm":24952},"minecraft:broken":{"minecraft:stone_pickaxe":1},"minecraft:crafted":{"minecraft:oak_planks":48,"minecraft:stone_shovel":1,"minecraft:emerald":1,"minecraft:crafting_table":2,"minecraft:wooden_pickaxe":1,"minecraft:bucket":2,"minecraft:stone_axe":2,"minecraft:bread":39,"minecraft:air":0,"minecraft:shield":1,"minecraft:stick":16,"minecraft:iron_ingot":7,"minecraft:stone_pickaxe":2,"minecraft:gold_ingot":2,"minecraft:chest":3,"minecraft:wheat":117},"minecraft:killed":{"minecraft:pig":2,"minecraft:spider":2,"minecraft:skeleton":4,"minecraft:zombie":1,"minecraft:donkey":1,"minecraft:turtle":1,"minecraft:enderman":1,"minecraft:cow":2},"minecraft:mined":{"minecraft:nether_gold_ore":9,"minecraft:crimson_nylium":1,"minecraft:stone_brick_slab":1,"minecraft:brewing_stand":1,"minecraft:oak_fence":1,"minecraft:crafting_table":8,"minecraft:grass_block":7,"minecraft:warped_roots":1,"minecraft:chest":1,"minecraft:cobblestone":1,"minecraft:tall_grass":1,"minecraft:sugar_cane":3,"minecraft:warped_wart_block":1,"minecraft:pink_petals":1,"minecraft:hay_block":48,"minecraft:magma_block":19,"minecraft:carrots":4,"minecraft:birch_log":1,"minecraft:iron_ore":7,"minecraft:wheat":14,"minecraft:grass":4,"minecraft:oak_log":24,"minecraft:potatoes":3,"minecraft:coal_ore":35,"minecraft:beetroots":2,"minecraft:dirt":32,"minecraft:cracked_stone_bricks":1,"minecraft:bone_block":6,"minecraft:stone_bricks":1,"minecraft:stonecutter":1,"minecraft:stone":35,"minecraft:netherrack":35,"minecraft:oak_leaves":1},"minecraft:dropped":{"minecraft:white_tulip":1,"minecraft:wheat_seeds":9,"minecraft:oak_log":1,"minecraft:orange_tulip":1,"minecraft:oxeye_daisy":1,"minecraft:poppy":1,"minecraft:cornflower":1,"minecraft:beetroot_seeds":2,"minecraft:gold_nugget":1,"minecraft:stone_pickaxe":1,"minecraft:red_tulip":1,"minecraft:gold_ingot":2,"minecraft:dandelion":8},"minecraft:used":{"minecraft:water_bucket":4,"minecraft:stone_pickaxe":150,"minecraft:stone_shovel":13,"minecraft:oak_planks":10,"minecraft:shield":14,"minecraft:chest":2,"minecraft:wooden_pickaxe":6,"minecraft:iron_sword":32,"minecraft:netherrack":26,"minecraft:cracked_stone_bricks":1,"minecraft:dirt":20,"minecraft:mutton":3,"minecraft:crafting_table":5,"minecraft:obsidian":1,"minecraft:lava_bucket":2,"minecraft:red_tulip":1,"minecraft:sunflower":1,"minecraft:bread":16,"minecraft:golden_leggings":1,"minecraft:stone_axe":124,"minecraft:fire_charge":1,"minecraft:cobblestone":23,"minecraft:furnace":2,"minecraft:bucket":7,"minecraft:dandelion":1},"minecraft:picked_up":{"minecraft:birch_log":1,"minecraft:magma_block":19,"minecraft:pink_petals":1,"minecraft:crafting_table":6,"minecraft:leather":12,"minecraft:potato":1,"minecraft:oak_log":27,"minecraft:brewing_stand":1,"minecraft:string":4,"minecraft:cornflower":1,"minecraft:dirt":37,"minecraft:bone":6,"minecraft:blackstone":27,"minecraft:stone_bricks":1,"minecraft:bow":1,"minecraft:cracked_stone_bricks":1,"minecraft:stonecutter":1,"minecraft:orange_tulip":1,"minecraft:wheat_seeds":9,"minecraft:gold_nugget":45,"minecraft:stone_pickaxe":1,"minecraft:beef":5,"minecraft:white_tulip":1,"minecraft:poppy":1,"minecraft:sugar_cane":6,"minecraft:iron_sword":1,"minecraft:oak_planks":44,"minecraft:furnace":2,"minecraft:stick":4,"minecraft:raw_iron":7,"minecraft:pumpkin":1,"minecraft:oak_fence":1,"minecraft:stone_brick_slab":1,"minecraft:warped_wart_block":1,"minecraft:dandelion":9,"minecraft:porkchop":6,"minecraft:carrot":3,"minecraft:spider_eye":1,"minecraft:arrow":4,"minecraft:rotten_flesh":1,"minecraft:beetroot_seeds":2,"minecraft:hay_block":47,"minecraft:bone_block":6,"minecraft:red_tulip":3,"minecraft:granite":5,"minecraft:warped_roots":2,"minecraft:netherrack":36,"minecraft:oak_sapling":1,"minecraft:sunflower":5,"minecraft:mutton":3,"minecraft:coal":35,"minecraft:cobblestone":36,"minecraft:white_wool":3,"minecraft:oxeye_daisy":1}},"DataVersion":3465}