{"stats":{"minecraft:used":{"minecraft:oak_fence":24,"minecraft:iron_shovel":107,"minecraft:stone_shovel":169,"minecraft:chest":4,"minecraft:shield":24,"minecraft:stone":3,"minecraft:iron_sword":106,"minecraft:netherrack":62,"minecraft:brewing_stand":1,"minecraft:torch":62,"minecraft:soul_sand":2,"minecraft:dirt":263,"minecraft:mutton":3,"minecraft:white_carpet":3,"securitycraft:keypad_item":1,"minecraft:carrot":58,"minecraft:golden_shovel":33,"minecraft:obsidian":1,"minecraft:glass":2,"minecraft:birch_door":2,"minecraft:lava_bucket":2,"minecraft:red_tulip":1,"minecraft:oak_stairs":10,"minecraft:soul_soil":1,"minecraft:oak_sapling":1,"minecraft:furnace":3,"minecraft:egg":1,"minecraft:potato":34,"minecraft:cobbled_deepslate":2,"minecraft:water_bucket":4,"minecraft:birch_planks":20,"minecraft:stone_pickaxe":461,"minecraft:oak_planks":129,"minecraft:blackstone":3,"minecraft:wooden_pickaxe":13,"minecraft:stonecutter":1,"minecraft:sugar_cane":23,"minecraft:cracked_stone_bricks":1,"minecraft:crafting_table":6,"securitycraft:universal_block_remover":14,"minecraft:blast_furnace":1,"minecraft:campfire":1,"minecraft:white_bed":3,"minecraft:smoker":1,"minecraft:oak_log":68,"minecraft:wooden_hoe":41,"minecraft:sunflower":1,"minecraft:bread":20,"minecraft:iron_pickaxe":152,"minecraft:golden_leggings":1,"minecraft:stone_axe":367,"minecraft:fire_charge":1,"minecraft:cobblestone":127,"minecraft:cooked_porkchop":3,"minecraft:bucket":7,"minecraft:glass_pane":28,"securitycraft:briefcase":17,"minecraft:bone_meal":15,"minecraft:dandelion":1},"minecraft:picked_up":{"minecraft:crafting_table":6,"minecraft:chicken":1,"minecraft:oak_stairs":4,"minecraft:brewing_stand":1,"minecraft:shield":1,"minecraft:heavy_weighted_pressure_plate":1,"minecraft:cornflower":1,"minecraft:string":4,"minecraft:soul_soil":1,"minecraft:glass_pane":12,"minecraft:white_carpet":3,"minecraft:iron_shovel":2,"minecraft:blackstone":27,"minecraft:cracked_stone_bricks":1,"minecraft:cobbled_deepslate":14,"minecraft:gold_nugget":73,"minecraft:smooth_stone":20,"minecraft:beef":5,"minecraft:white_tulip":1,"minecraft:poppy":1,"minecraft:iron_pickaxe":1,"securitycraft:reinforced_oak_log":4,"minecraft:sugar_cane":43,"minecraft:egg":1,"minecraft:furnace":3,"minecraft:stick":22,"minecraft:raw_iron":108,"minecraft:stone":3,"minecraft:oak_fence":7,"minecraft:porkchop":10,"minecraft:polished_blackstone_bricks":1,"minecraft:diorite":4,"minecraft:carrot":71,"minecraft:redstone":51,"minecraft:arrow":4,"minecraft:rotten_flesh":11,"minecraft:beetroot_seeds":2,"minecraft:hay_block":47,"minecraft:red_tulip":3,"minecraft:mutton":3,"minecraft:cobblestone":249,"minecraft:bone_block":6,"minecraft:white_wool":3,"minecraft:oxeye_daisy":1,"minecraft:birch_log":20,"minecraft:pink_petals":1,"minecraft:magma_block":19,"minecraft:cooked_beef":16,"minecraft:andesite":8,"minecraft:leather":13,"minecraft:potato":46,"minecraft:birch_planks":16,"minecraft:oak_log":146,"securitycraft:keypad_chest":1,"minecraft:nether_wart_block":1,"minecraft:gunpowder":2,"minecraft:lapis_lazuli":32,"minecraft:dirt":474,"securitycraft:reinforced_stone_button":10,"minecraft:bone":6,"minecraft:cooked_chicken":1,"minecraft:apple":2,"minecraft:stone_bricks":1,"minecraft:stonecutter":1,"minecraft:bow":1,"minecraft:wheat_seeds":46,"minecraft:orange_tulip":1,"securitycraft:universal_block_reinforcer_lvl1":1,"minecraft:iron_ingot":11,"minecraft:raw_gold":6,"minecraft:stone_pickaxe":1,"minecraft:iron_sword":2,"minecraft:oak_planks":54,"minecraft:soul_sand":2,"minecraft:cooked_porkchop":4,"minecraft:pumpkin":1,"minecraft:gravel":1,"minecraft:warped_wart_block":1,"minecraft:stone_brick_slab":1,"minecraft:quartz":27,"minecraft:dandelion":9,"minecraft:sand":15,"minecraft:ink_sac":1,"minecraft:white_bed":3,"securitycraft:reinforced_stone":10,"minecraft:spider_eye":1,"securitycraft:universal_block_remover":2,"minecraft:diamond":2,"minecraft:stone_axe":2,"minecraft:granite":6,"minecraft:warped_roots":2,"minecraft:oak_sapling":20,"minecraft:netherrack":63,"minecraft:coal":73,"minecraft:crimson_roots":1,"minecraft:sunflower":5},"minecraft:killed":{"minecraft:spider":3,"minecraft:skeleton":6,"minecraft:chicken":1,"minecraft:turtle":1,"minecraft:pig":2,"minecraft:zombie_villager":1,"minecraft:hoglin":2,"minecraft:creeper":1,"minecraft:donkey":1,"minecraft:zombie":14,"minecraft:enderman":1,"minecraft:cow":2},"minecraft:mined":{"minecraft:nether_gold_ore":15,"minecraft:white_bed":3,"minecraft:oak_sapling":1,"minecraft:deepslate_diamond_ore":2,"minecraft:brewing_stand":1,"minecraft:granite":1,"minecraft:grass_block":216,"minecraft:soul_soil":1,"minecraft:hay_block":48,"minecraft:polished_blackstone_bricks":2,"minecraft:redstone_ore":2,"minecraft:magma_block":19,"minecraft:furnace":1,"minecraft:carrots":22,"minecraft:iron_ore":86,"minecraft:andesite":8,"minecraft:deepslate_lapis_ore":2,"minecraft:potatoes":18,"minecraft:deepslate_iron_ore":23,"minecraft:oak_stairs":4,"minecraft:stone":232,"minecraft:bone_block":6,"minecraft:deepslate_redstone_ore":5,"minecraft:glass_pane":3,"minecraft:soul_sand":2,"minecraft:crimson_nylium":3,"minecraft:soul_fire":1,"minecraft:stone_brick_slab":1,"minecraft:oak_fence":7,"minecraft:crafting_table":8,"minecraft:warped_roots":1,"minecraft:chest":1,"minecraft:nether_quartz_ore":27,"minecraft:tall_grass":32,"minecraft:cobblestone":5,"minecraft:lapis_ore":2,"minecraft:deepslate_gold_ore":2,"minecraft:oak_planks":4,"minecraft:sugar_cane":30,"minecraft:diorite":4,"minecraft:warped_wart_block":1,"minecraft:pink_petals":1,"minecraft:birch_planks":16,"minecraft:nether_wart_block":1,"minecraft:birch_log":18,"minecraft:wheat":14,"minecraft:white_carpet":1,"minecraft:grass":153,"minecraft:oak_log":126,"minecraft:coal_ore":67,"minecraft:beetroots":2,"minecraft:sand":16,"minecraft:gravel":1,"minecraft:dirt":148,"minecraft:cracked_stone_bricks":1,"minecraft:stonecutter":1,"minecraft:stone_bricks":1,"minecraft:netherrack":63,"minecraft:deepslate":14,"minecraft:gold_ore":4,"minecraft:oak_leaves":30},"minecraft:custom":{"minecraft:mob_kills":41,"minecraft:interact_with_crafting_table":63,"minecraft:interact_with_campfire":21,"minecraft:bell_ring":1,"minecraft:leave_game":8,"minecraft:time_since_death":10022,"minecraft:climb_one_cm":358,"minecraft:sprint_one_cm":566725,"minecraft:walk_one_cm":735460,"minecraft:damage_blocked_by_shield":880,"minecraft:drop":21,"minecraft:talked_to_villager":13,"minecraft:play_time":214482,"minecraft:deaths":7,"minecraft:sneak_time":4160,"minecraft:walk_under_water_one_cm":20064,"minecraft:jump":2837,"minecraft:interact_with_blast_furnace":15,"minecraft:walk_on_water_one_cm":29298,"minecraft:total_world_time":214482,"minecraft:interact_with_furnace":46,"minecraft:traded_with_villager":1,"minecraft:sleep_in_bed":6,"minecraft:time_since_rest":9885,"minecraft:damage_taken":2653,"minecraft:damage_dealt":10333,"minecraft:swim_one_cm":75507,"minecraft:fly_one_cm":453794,"minecraft:open_chest":138,"minecraft:crouch_one_cm":13298,"minecraft:interact_with_smoker":2,"minecraft:fall_one_cm":63898,"minecraft:horse_one_cm":7985},"minecraft:broken":{"minecraft:golden_shovel":1,"minecraft:stone_pickaxe":2,"minecraft:stone_axe":2,"minecraft:stone_shovel":1},"minecraft:killed_by":{"minecraft:piglin_brute":1,"man:managgresive":4,"minecraft:zombie":1},"minecraft:dropped":{"minecraft:wheat_seeds":9,"minecraft:oak_log":2,"minecraft:orange_tulip":1,"minecraft:oxeye_daisy":1,"minecraft:dirt":1,"minecraft:cornflower":1,"minecraft:gold_nugget":1,"minecraft:birch_log":2,"minecraft:dandelion":8,"minecraft:gold_ingot":2,"minecraft:white_tulip":1,"minecraft:poppy":1,"minecraft:beetroot_seeds":2,"minecraft:stone_pickaxe":1,"minecraft:red_tulip":1},"minecraft:crafted":{"minecraft:oak_planks":204,"minecraft:smooth_stone":50,"securitycraft:disguise_module":1,"minecraft:stone_shovel":1,"minecraft:furnace":2,"minecraft:blast_furnace":1,"minecraft:stone":53,"minecraft:bone_meal":15,"securitycraft:keypad_item":1,"minecraft:heavy_weighted_pressure_plate":1,"minecraft:white_carpet":3,"minecraft:glass_pane":32,"securitycraft:laser_block":1,"minecraft:glass":15,"minecraft:bow":1,"securitycraft:universal_block_remover":1,"minecraft:stone_pickaxe":4,"minecraft:chest":5,"securitycraft:briefcase":1,"minecraft:birch_door":3,"minecraft:redstone_block":1,"minecraft:oak_fence":18,"minecraft:smoker":1,"minecraft:wheat":414,"minecraft:emerald":1,"minecraft:crafting_table":3,"securitycraft:reinforced_stone_button":10,"minecraft:wooden_pickaxe":2,"minecraft:iron_sword":1,"securitycraft:taser":1,"securitycraft:reinforced_oak_planks":12,"minecraft:bucket":2,"minecraft:birch_planks":44,"minecraft:campfire":1,"minecraft:stone_axe":5,"minecraft:painting":1,"minecraft:air":0,"minecraft:bread":39,"minecraft:wooden_hoe":1,"minecraft:paper":3,"minecraft:shield":2,"minecraft:stick":80,"minecraft:iron_ingot":103,"minecraft:iron_pickaxe":1,"minecraft:oak_stairs":12,"minecraft:iron_shovel":1,"minecraft:gold_ingot":8,"minecraft:torch":64,"securitycraft:universal_block_reinforcer_lvl1":1,"minecraft:shears":1}},"DataVersion":3465}