{"stats":{"minecraft:dropped":{"minecraft:iron_sword":4,"modern_industrialization:bauxite_dust":2,"minecraft:oak_log":6,"mutantmonsters:creeper_shard":1,"minecraft:iron_horse_armor":1,"minecraft:saddle":1,"minecraft:red_mushroom":6,"artifacts:night_vision_goggles":1,"minecraft:dirt":106,"minecraft:cornflower":1,"minecraft:gold_nugget":5,"regions_unexplored:redstone_bulb":1,"twigs:twig":34,"mutantmonsters:hulk_hammer":1,"minecraft:iron_nugget":2,"minecraft:cobbled_deepslate":1,"simplyswords:arcanethyst":1,"indrev:lead_shovel":1,"minecraft:poppy":34,"minecraft:hopper":1,"minecraft:leather_boots":1,"minecraft:leather_leggings":2,"minecraft:beef":1,"minecraft:enchanted_book":1,"minecraft:iron_ingot":7,"minecraft:oak_slab":6,"techreborn:refined_iron_storage_block":1,"minecraft:wheat_seeds":1,"minecraft:mossy_cobblestone":1,"minecraft:granite":4,"minecraft:chainmail_helmet":1,"minecraft:stick":1,"minecraft:diorite":6,"minecraft:torch":2,"techreborn:electric_furnace":1,"regions_unexplored:redwood_log":6,"minecraft:string":1,"minecraft:bucket":2,"minecraft:redstone":12,"minecraft:iron_boots":2,"minecraft:name_tag":10,"minecraft:oak_sign":9,"travelersbackpack:emerald":1,"bewitchment:mandrake_seeds":1,"minecraft:oak_button":9,"fishofthieves:earthworms":7,"minecraft:yellow_bed":1,"minecraft:oak_boat":1,"minecraft:golden_sword":1,"minecraft:barrel":3,"minecraft:stone_pickaxe":1},"minecraft:custom":{"lootr:looted_stat":56,"minecraft:interact_with_crafting_table":119,"minecraft:eat_cake_slice":1,"minecraft:leave_game":10,"minecraft:time_since_death":10303,"minecraft:damage_resisted":0,"minecraft:sprint_one_cm":432942,"minecraft:damage_blocked_by_shield":90,"minecraft:drop":67,"minecraft:talked_to_villager":10,"minecraft:play_time":469832,"minecraft:deaths":20,"minecraft:jump":2882,"minecraft:walk_on_water_one_cm":40304,"minecraft:interact_with_furnace":12,"minecraft:traded_with_villager":18,"minecraft:interact_with_loom":1,"minecraft:sleep_in_bed":9,"minecraft:damage_dealt":40164,"minecraft:crouch_one_cm":22719,"minecraft:mob_kills":156,"minecraft:damage_dealt_resisted":0,"minecraft:climb_one_cm":6944,"minecraft:walk_one_cm":1629411,"minecraft:sneak_time":6773,"minecraft:walk_under_water_one_cm":51294,"minecraft:interact_with_blast_furnace":42,"minecraft:total_world_time":469832,"minecraft:raid_trigger":1,"minecraft:hex":0,"minecraft:time_since_rest":4974,"minecraft:damage_taken":7715,"minecraft:swim_one_cm":51840,"minecraft:fly_one_cm":269890,"minecraft:open_chest":373,"minecraft:threat":5,"minecraft:fall_one_cm":75456},"minecraft:mined":{"techreborn:iron_furnace":1,"minecraft:cobblestone_stairs":2,"minecraft:obsidian":14,"minecraft:granite":24,"minecraft:budding_amethyst":3,"minecraft:grass_block":96,"modern_industrialization:deepslate_lead_ore":12,"modern_industrialization:lignite_coal_ore":7,"minecraft:soul_soil":6,"betternether:cincinnasite_ore":1,"minecraft:gilded_blackstone":6,"minecraft:spawner":1,"regions_unexplored:pointed_redstone":1,"minecraft:iron_ore":28,"minecraft:fire":1,"techreborn:deepslate_lead_ore":4,"minecraft:pumpkin":4,"minecraft:deepslate_lapis_ore":1,"techreborn:basic_solar_panel":2,"minecraft:enchanting_table":1,"minecraft:dirt_path":8,"minecraft:oak_stairs":18,"powah:uraninite_ore_poor":7,"modern_industrialization:deepslate_bauxite_ore":3,"minecraft:deepslate_redstone_ore":6,"croptopia:starfruit_crop":1,"minecraft:cut_sandstone":20,"techreborn:deepslate_bauxite_ore":2,"minecraft:smoker":1,"minecraft:amethyst_cluster":4,"techreborn:basic_machine_frame":1,"minecraft:torch":5,"indrev:nikolite_ore":4,"techreborn:deepslate_tin_ore":8,"minecraft:calcite":2,"minecraft:poppy":1,"minecraft:chest":1,"minecraft:nether_quartz_ore":16,"minecraft:cobblestone":18,"minecraft:oak_planks":56,"minecraft:sugar_cane":1,"minecraft:wall_torch":5,"minecraft:amethyst_block":7,"powah:deepslate_uraninite_ore_poor":1,"minecraft:deepslate_copper_ore":5,"modern_industrialization:deepslate_lignite_coal_ore":1,"techreborn:silver_ore":15,"techreborn:compressor":1,"minecraft:grass":57,"minecraft:oak_log":46,"techreborn:galena_ore":3,"modern_industrialization:salt_ore":1,"minecraft:sand":18,"minecraft:dirt":119,"techreborn:insulated_copper_cable":1,"techreborn:iron_alloy_furnace":1,"minecraft:smooth_basalt":4,"minecraft:netherrack":28,"minecraft:deepslate":5,"soulsweapons:verglas_ore":1,"techreborn:rubber_sapling":2,"minecraft:nether_gold_ore":7,"create:zinc_ore":14,"minecraft:crying_obsidian":1,"minecraft:candle":2,"minecraft:stripped_birch_log":1,"modern_industrialization:bauxite_ore":4,"minecraft:decorated_pot":1,"techreborn:solid_fuel_generator":1,"techreborn:electric_furnace":1,"techreborn:bauxite_ore":17,"minecraft:sandstone":27,"regions_unexplored:raw_redstone_block":5,"minecraft:hay_block":20,"minecraft:redstone_ore":11,"minecraft:furnace":2,"techreborn:lead_ore":8,"minecraft:polished_basalt":1,"minecraft:chiseled_sandstone":4,"minecraft:andesite":26,"treechop:chopped_log":26,"minecraft:peony":1,"minecraft:bookshelf":4,"minecraft:deepslate_iron_ore":12,"minecraft:vine":1,"bewitchment:salt_ore":17,"minecraft:stripped_oak_log":8,"regions_unexplored:medium_grass":12,"minecraft:stone":461,"ad_astra:sky_stone":7,"regions_unexplored:windswept_grass":21,"regions_unexplored:redstone_bulb":1,"minecraft:podzol":7,"minecraft:oak_slab":29,"techreborn:deepslate_silver_ore":4,"minecraft:basalt":2,"minecraft:oak_fence":24,"minecraft:smooth_sandstone":6,"minecraft:crafting_table":2,"botania:yellow_double_flower":1,"modern_industrialization:lead_ore":23,"minecraft:rose_bush":2,"modern_industrialization:nickel_ore":2,"minecraft:copper_ore":8,"minecraft:tall_grass":5,"minecraft:lapis_ore":1,"minecraft:deepslate_gold_ore":2,"minecraft:diorite":14,"techreborn:tin_ore":47,"supplementaries:urn":1,"techreborn:rubber_leaves":54,"minecraft:coarse_dirt":6,"techreborn:ruby_ore":4,"regions_unexplored:redstone_bud":5,"modern_industrialization:antimony_ore":2,"techreborn:copper_cable":3,"minecraft:yellow_bed":2,"botania:yellow_mystical_flower":1,"minecraft:coal_ore":62,"minecraft:gravel":21,"minecraft:cobweb":1,"betternether:barrel_cactus":1,"techreborn:resin_basin":2,"techreborn:rubber_log":4,"minecraft:fern":2},"minecraft:killed":{"minecraft:cave_spider":1,"minecraft:spider":1,"betternether:firefly":3,"naturalist:boar":1,"minecraft:skeleton":9,"minecells:leaping_zombie":1,"minecraft:pig":2,"naturalist:firefly":1,"minecraft:iron_golem":3,"mutantmonsters:mutant_skeleton":1,"minecraft:creeper":4,"naturalist:rhino":2,"bewitchment:raven":4,"minecraft:sheep":4,"minecraft:pillager":15,"minecraft:zombie":19,"minecraft:glow_squid":2,"betterend:shadow_walker":1,"mutantmonsters:mutant_creeper":1,"minecraft:cow":4,"naturalist:lion":3,"minecells:mutated_bat":1,"adventurez:amethyst_golem":1,"minecraft:vindicator":7,"bewitchment:ghost":2,"minecraft:phantom":2,"friendsandfoes:mauler":1,"mutantmonsters:mutant_snow_golem":1,"mythicmobs:chupacabra":1,"aqupd:caracal":3,"minecraft:drowned":10,"naturalist:giraffe":1,"minecraft:husk":35,"graveyard:ghoul":2,"mutantmonsters:creeper_minion":1,"mutantmonsters:mutant_zombie":1,"minecraft:enderman":1},"minecraft:crafted":{"indrev:lead_shovel":2,"minecraft:smooth_stone":8,"minecraft:oak_planks":540,"minecraft:barrel":3,"minecraft:oak_sign":9,"techreborn:red_cell_battery":4,"techreborn:manual":2,"minecraft:stone":9,"minecraft:cobblestone_stairs":72,"minecraft:bookshelf":3,"minecraft:iron_bars":16,"techreborn:lead_ingot":8,"techreborn:rubber_slab":6,"minecraft:hopper":2,"techreborn:electric_furnace":3,"indrev:lead_axe":1,"techreborn:treetap":10,"minecraft:chest":20,"minecraft:oak_button":9,"techreborn:basic_solar_panel":1,"minecraft:oak_fence":66,"minecraft:oak_slab":6,"minecraft:crafting_table":6,"mutantmonsters:creeper_minion_tracker":1,"travelersbackpack:standard":2,"minecraft:wooden_pickaxe":1,"minecraft:copper_ingot":13,"minecraft:birch_planks":20,"techreborn:water_coolant_cell_10k":4,"techreborn:insulated_copper_cable":64,"techreborn:rubber_trapdoor":2,"travelersbackpack:emerald":1,"minecraft:diamond_pickaxe":1,"minecraft:stick":200,"minecraft:iron_ingot":17,"minecraft:iron_block":1,"techreborn:basic_drill":1,"techreborn:rubber_planks":32,"comforts:sleeping_bag_white":2,"minecraft:furnace":3,"minecraft:blast_furnace":1,"techreborn:grinder":1,"techreborn:overclocker_upgrade":1,"techreborn:extractor":1,"minecraft:bone_meal":27,"techreborn:compressor":1,"minecraft:glass_pane":16,"techreborn:resin_basin":1,"techreborn:tin_ingot":10,"techreborn:basic_machine_frame":9,"minecraft:stone_pickaxe":2,"techreborn:solid_fuel_generator":2,"techreborn:iron_alloy_furnace":1,"techreborn:iron_furnace":5,"techreborn:alloy_smelter":1,"techreborn:drain":1,"techreborn:refined_iron_storage_block":9,"minecraft:enchanting_table":1,"botania:yellow_petal":4,"travelersbackpack:backpack_tank":4,"indrev:lead_pickaxe":1,"techreborn:electronic_circuit":16,"minecraft:bucket":6,"minecraft:air":0,"techreborn:refined_iron_ingot":91,"minecraft:oak_fence_gate":2,"minecraft:oak_boat":1,"minecraft:white_wool":3,"techreborn:copper_cable":30,"techreborn:cell":4,"minecraft:acacia_planks":24,"minecraft:torch":88},"minecraft:picked_up":{"regions_unexplored:pointed_redstone":1,"techreborn:raw_tin":57,"techreborn:iron_furnace":1,"minecraft:oak_stairs":22,"minecraft:enchanted_book":1,"minecraft:gilded_blackstone":5,"minecraft:golden_sword":1,"minecraft:amethyst_block":7,"minecraft:soul_soil":6,"minecraft:string":3,"mutantmonsters:mutant_skeleton_skull":1,"minecraft:raw_copper":52,"techreborn:copper_cable":3,"techreborn:galena_ore":3,"minecraft:gold_nugget":34,"minecraft:cobbled_deepslate":12,"minecraft:bucket":1,"twigs:pebble":10,"minecraft:rose_bush":2,"minecraft:ender_eye":3,"minecraft:calcite":2,"techreborn:rubber_log":34,"minecraft:furnace":2,"regions_unexplored:redwood_log":6,"minecraft:iron_boots":2,"minecraft:stick":3,"minecraft:oak_fence":29,"minecraft:torch":14,"botania:yellow_mystical_flower":1,"minecraft:acacia_log":6,"simplyswords:arcanethyst":1,"minecraft:porkchop":7,"regions_unexplored:raw_redstone_block":5,"minecraft:diorite":23,"betternether:cincinnasite":1,"techreborn:basic_machine_frame":1,"mutantmonsters:mutant_skeleton_pelvis":1,"mcdw:double_axe_double":1,"mutantmonsters:hulk_hammer":1,"minecraft:rotten_flesh":39,"croptopia:persimmon":8,"minecraft:polished_basalt":1,"mutantmonsters:mutant_skeleton_shoulder_pad":2,"minecraft:obsidian":14,"minecraft:snowball":18,"minecraft:cobblestone":483,"minecraft:nautilus_shell":2,"minecraft:birch_log":14,"minecraft:enchanting_table":1,"minecraft:feather":2,"minecraft:andesite":8,"minecraft:smoker":1,"minecraft:flint":3,"create:raw_zinc":14,"minecraft:lapis_lazuli":14,"minecraft:stripped_birch_log":1,"minecraft:dirt":297,"minecraft:name_tag":10,"minecraft:leather_boots":1,"minecraft:bone":11,"minecraft:wheat_seeds":15,"minecraft:raw_gold":2,"fishofthieves:earthworms":35,"modern_industrialization:bauxite_dust":7,"minecraft:glowstone_dust":5,"twigs:twig":61,"minecraft:oak_planks":59,"techreborn:solid_fuel_generator":1,"botania:yellow_double_flower":1,"techreborn:raw_lead":12,"minecraft:sand":19,"minecraft:ink_sac":2,"minecraft:grass_block":1,"minecraft:chiseled_sandstone":2,"techreborn:rubber_sapling":15,"techreborn:red_garnet_gem":2,"minecraft:mossy_cobblestone":1,"techreborn:bauxite_ore":16,"beachparty:rubber_ring_pelican":1,"minecraft:white_candle":4,"minecraft:granite":21,"minecraft:emerald":9,"soulsweapons:verglas":1,"fishofthieves:leeches":3,"minecraft:chainmail_helmet":1,"indrev:nikolite_dust":20,"bewitchment:ectoplasm":5,"modern_industrialization:salt_dust":2,"minecraft:oak_sapling":50,"minecraft:netherrack":28,"minecraft:fishing_rod":1,"minecraft:charcoal":2,"minecraft:coarse_dirt":5,"minecraft:crafting_table":3,"techreborn:compressor":1,"minecraft:leather_leggings":2,"minecraft:brown_mushroom":3,"ad_astra:sky_stone":6,"techreborn:electric_furnace":2,"minecraft:cornflower":2,"minecraft:oak_trapdoor":1,"minecraft:iron_axe":1,"minecraft:item_frame":4,"techreborn:resin_basin":2,"croptopia:pear":2,"techreborn:raw_silver":19,"minecraft:candle":3,"minecraft:beef":6,"minecraft:iron_nugget":1,"minecraft:poppy":5,"minecraft:light_gray_wool":1,"minecraft:sugar_cane":7,"minecraft:chest":1,"minecraft:birch_sapling":8,"minecraft:phantom_membrane":2,"minecraft:raw_iron":54,"minecraft:sandstone":21,"techreborn:ruby_gem":6,"techreborn:refined_iron_storage_block":1,"minecraft:carrot":1,"minecraft:redstone":105,"mutantmonsters:creeper_shard":2,"minecraft:arrow":22,"regions_unexplored:redstone_bulb":2,"minecraft:decorated_pot":1,"minecraft:peony":1,"techreborn:iron_alloy_furnace":1,"mcda:phantom_bones":1,"minecraft:hay_block":21,"mutantmonsters:mutant_skeleton_rib":5,"minecraft:saddle":1,"minecraft:mutton":5,"minecraft:white_wool":5,"minecraft:stripped_oak_log":8,"modern_industrialization:raw_antimony":2,"minecraft:basalt":3,"minecraft:glow_ink_sac":3,"minecraft:cut_sandstone":19,"minecraft:leather":9,"croptopia:glowing_calamari":2,"minecraft:red_mushroom":6,"minecraft:filled_map":1,"minecraft:oak_log":187,"minecraft:yellow_bed":2,"minecraft:gunpowder":3,"minecraft:cobblestone_stairs":2,"bewitchment:aconite_seeds":2,"mutantmonsters:mutant_skeleton_limb":8,"techreborn:sap":1,"minecraft:smooth_sandstone":4,"minecraft:apple":5,"bewitchment:mandrake_seeds":3,"minecraft:iron_ingot":85,"betternether:barrel_cactus":1,"techreborn:deepslate_bauxite_ore":2,"minecraft:iron_sword":4,"minecraft:acacia_sapling":1,"minecraft:book":12,"minecraft:oak_slab":30,"minecraft:smooth_basalt":4,"minecraft:pumpkin":4,"croptopia:starfruit":1,"minecraft:quartz":16,"minecraft:dandelion":2,"minecraft:gravel":17,"techreborn:insulated_copper_cable":1,"bewitchment:salt":25,"powah:uraninite_raw":8,"minecraft:amethyst_shard":18,"minecraft:crying_obsidian":1,"techreborn:basic_solar_panel":2,"modern_industrialization:raw_nickel":2,"minecraft:iron_helmet":1,"minecraft:gray_wool":1,"modern_industrialization:raw_lead":35,"minecraft:coal":92,"minecraft:ender_pearl":5},"minecraft:killed_by":{"minecraft:drowned":3,"mutantmonsters:mutant_creeper":3,"minecraft:piglin":1,"minecraft:zombie":4,"minecraft:husk":1,"mutantmonsters:mutant_enderman":1,"minecraft:iron_golem":4,"minecraft:skeleton":1},"minecraft:used":{"minecraft:writable_book":2,"minecraft:decorated_pot":1,"minecraft:chest":17,"minecraft:shield":4,"minecraft:iron_sword":6,"indrev:lead_shovel":87,"minecraft:rotten_flesh":1,"techreborn:compressor":2,"minecraft:iron_chestplate":1,"minecraft:white_candle":4,"techreborn:insulated_copper_cable":23,"minecraft:weathered_copper":2,"minecraft:carrot":1,"minecraft:obsidian":10,"minecraft:iron_helmet":1,"mcdw:double_axe_double":185,"simplyswords:arcanethyst":791,"mutantmonsters:hulk_hammer":1,"minecraft:furnace":1,"indrev:lead_axe":290,"croptopia:pear":2,"minecraft:diorite":2,"minecraft:stripped_birch_log":1,"minecraft:stone_pickaxe":130,"techreborn:iron_alloy_furnace":1,"minecraft:oak_planks":25,"minecraft:wooden_pickaxe":24,"minecraft:sandstone":21,"minecraft:sugar_cane":7,"minecraft:blast_furnace":1,"mutantmonsters:mutant_skeleton_skull":1,"techreborn:rubber_log":3,"minecraft:bread":35,"minecraft:gravel":13,"techreborn:solid_fuel_generator":2,"minecraft:birch_log":3,"minecraft:coarse_dirt":5,"minecraft:bone_meal":29,"minecraft:oak_fence":84,"minecraft:flint_and_steel":1,"techreborn:grinder":1,"minecraft:enchanting_table":2,"minecraft:stone_sword":40,"botania:yellow_petal":1,"techreborn:iron_furnace":1,"croptopia:starfruit":1,"minecraft:torch":95,"minecraft:dirt":240,"minecraft:oak_fence_gate":2,"techreborn:extractor":1,"minecraft:bookshelf":3,"minecraft:iron_axe":16,"techreborn:copper_cable":3,"croptopia:persimmon":8,"techreborn:resin_basin":3,"minecraft:cooked_mutton":5,"techreborn:electric_furnace":2,"techreborn:basic_machine_frame":1,"minecraft:water_bucket":2,"minecraft:cobblestone_stairs":30,"minecraft:blue_wool":12,"minecraft:brown_mushroom":2,"minecraft:cut_sandstone":1,"minecraft:crafting_table":7,"techreborn:rubber_sapling":11,"techreborn:basic_solar_panel":3,"minecraft:diamond_pickaxe":361,"minecraft:apple":2,"minecraft:iron_pickaxe":148,"techreborn:alloy_smelter":1,"ad_astra:sky_stone":6,"minecraft:cobblestone":95,"minecraft:porkchop":4,"minecraft:bucket":8,"minecraft:pumpkin_pie":1,"minecraft:yellow_bed":1,"techreborn:basic_drill":67,"indrev:lead_pickaxe":465,"beachparty:rubber_ring_pelican":2,"minecraft:candle":3},"minecraft:broken":{"beachparty:rubber_ring_pelican":1,"minecraft:iron_pickaxe":1,"mcdw:double_axe_double":1,"techreborn:treetap":1}},"DataVersion":3465}