{"stats":{"minecraft:dropped":{"minecraft:enchanted_book":1,"minecraft:wheat_seeds":1,"minecraft:mossy_cobblestone":1,"simplyswords:arcanethyst":1,"minecraft:iron_boots":2,"minecraft:granite":4,"minecraft:saddle":1,"minecraft:dirt":5,"bewitchment:mandrake_seeds":1,"minecraft:diorite":1,"regions_unexplored:redwood_log":6,"minecraft:beef":1,"minecraft:stone_pickaxe":1,"minecraft:string":1},"minecraft:custom":{"lootr:looted_stat":31,"minecraft:mob_kills":52,"minecraft:interact_with_crafting_table":12,"minecraft:raid_trigger":1,"minecraft:damage_dealt_resisted":0,"minecraft:leave_game":4,"minecraft:time_since_death":3616,"minecraft:sleep_in_bed":1,"minecraft:climb_one_cm":2926,"minecraft:damage_resisted":0,"minecraft:hex":0,"minecraft:time_since_rest":1795,"minecraft:sprint_one_cm":153126,"minecraft:damage_taken":725,"minecraft:walk_one_cm":354538,"minecraft:damage_blocked_by_shield":90,"minecraft:drop":15,"minecraft:damage_dealt":10017,"minecraft:swim_one_cm":3486,"minecraft:talked_to_villager":4,"minecraft:fly_one_cm":113473,"minecraft:open_chest":16,"minecraft:crouch_one_cm":1401,"minecraft:play_time":75006,"minecraft:deaths":1,"minecraft:sneak_time":597,"minecraft:walk_under_water_one_cm":4470,"minecraft:jump":976,"minecraft:walk_on_water_one_cm":4015,"minecraft:threat":3,"minecraft:total_world_time":75006,"minecraft:fall_one_cm":19434},"minecraft:mined":{"minecraft:podzol":7,"minecraft:oak_slab":6,"minecraft:candle":1,"minecraft:basalt":1,"minecraft:oak_fence":1,"minecraft:granite":4,"modern_industrialization:lignite_coal_ore":3,"minecraft:tall_grass":1,"minecraft:copper_ore":4,"minecraft:oak_planks":13,"minecraft:diorite":1,"minecraft:hay_block":9,"minecraft:furnace":1,"minecraft:iron_ore":5,"minecraft:andesite":17,"minecraft:pumpkin":4,"treechop:chopped_log":2,"minecraft:grass":16,"minecraft:oak_log":28,"minecraft:coal_ore":33,"minecraft:oak_stairs":8,"minecraft:dirt":3,"minecraft:stripped_oak_log":7,"regions_unexplored:medium_grass":9,"minecraft:stone":102,"regions_unexplored:windswept_grass":13},"minecraft:killed":{"minecraft:cave_spider":1,"minecraft:pig":2,"graveyard:ghoul":2,"naturalist:firefly":1,"minecraft:spider":1,"minecraft:vindicator":6,"minecraft:creeper":2,"bewitchment:raven":1,"naturalist:boar":1,"minecraft:sheep":4,"minecraft:skeleton":5,"minecraft:pillager":15,"minecraft:zombie":8,"minecraft:drowned":1,"minecraft:cow":1},"minecraft:crafted":{"techreborn:iron_furnace":1,"minecraft:oak_planks":64,"minecraft:crafting_table":3,"minecraft:wooden_pickaxe":1,"minecraft:stick":12,"minecraft:stone_pickaxe":1,"minecraft:chest":4,"minecraft:acacia_planks":24,"minecraft:torch":32},"minecraft:picked_up":{"minecraft:stripped_oak_log":6,"minecraft:basalt":2,"minecraft:leather":3,"minecraft:oak_stairs":10,"minecraft:filled_map":1,"minecraft:enchanted_book":1,"minecraft:oak_log":28,"minecraft:dirt":5,"minecraft:string":1,"minecraft:raw_copper":15,"minecraft:bone":5,"minecraft:wheat_seeds":1,"minecraft:candle":3,"bewitchment:mandrake_seeds":1,"minecraft:beef":3,"minecraft:light_gray_wool":1,"twigs:twig":3,"minecraft:oak_planks":3,"minecraft:acacia_sapling":1,"minecraft:iron_boots":2,"regions_unexplored:redwood_log":6,"minecraft:furnace":1,"minecraft:oak_slab":6,"minecraft:raw_iron":5,"minecraft:pumpkin":4,"minecraft:oak_fence":1,"minecraft:acacia_log":6,"simplyswords:arcanethyst":1,"minecraft:porkchop":7,"minecraft:diorite":1,"minecraft:mossy_cobblestone":1,"beachparty:rubber_ring_pelican":1,"minecraft:white_candle":4,"minecraft:arrow":19,"minecraft:hay_block":10,"minecraft:granite":4,"minecraft:saddle":1,"minecraft:emerald":9,"minecraft:mutton":5,"minecraft:coal":63,"minecraft:white_wool":3,"minecraft:cobblestone":47},"minecraft:killed_by":{"minecraft:drowned":1},"minecraft:used":{"minecraft:writable_book":2,"minecraft:stone_sword":40,"minecraft:stone_pickaxe":67,"techreborn:iron_furnace":1,"minecraft:chest":4,"minecraft:wooden_pickaxe":24,"minecraft:shield":4,"minecraft:iron_chestplate":1,"minecraft:white_candle":4,"minecraft:torch":32,"minecraft:crafting_table":3,"minecraft:bread":11,"minecraft:iron_pickaxe":87,"mcdw:double_axe_double":88,"simplyswords:arcanethyst":133,"minecraft:cobblestone":33,"minecraft:porkchop":4,"minecraft:pumpkin_pie":1,"minecraft:candle":3,"beachparty:rubber_ring_pelican":1}},"DataVersion":3465}