{"stats":{"minecraft:custom":{"minecraft:time_since_rest":12945,"minecraft:sprint_one_cm":39773,"minecraft:damage_taken":110,"minecraft:walk_one_cm":32665,"minecraft:drop":1,"minecraft:damage_dealt":55,"minecraft:swim_one_cm":358,"minecraft:interact_with_crafting_table":4,"minecraft:fly_one_cm":25676,"minecraft:crouch_one_cm":10,"minecraft:play_time":12945,"minecraft:sneak_time":35,"minecraft:walk_under_water_one_cm":1124,"minecraft:jump":124,"minecraft:walk_on_water_one_cm":1745,"minecraft:time_since_death":12945,"minecraft:total_world_time":12945,"minecraft:fall_one_cm":2272},"minecraft:crafted":{"minecraft:oak_planks":48,"minecraft:stone_shovel":1,"minecraft:crafting_table":2,"minecraft:stick":4,"minecraft:wooden_pickaxe":1,"minecraft:stone_pickaxe":1,"minecraft:stone_axe":1},"minecraft:mined":{"minecraft:birch_log":1,"minecraft:crafting_table":7,"minecraft:grass":3,"minecraft:grass_block":6,"minecraft:oak_log":24,"minecraft:dirt":20,"minecraft:stone":18,"minecraft:sugar_cane":3,"minecraft:oak_leaves":1},"minecraft:dropped":{"minecraft:oak_log":1},"minecraft:used":{"minecraft:red_tulip":1,"minecraft:stone_shovel":13,"minecraft:stone_pickaxe":12,"minecraft:wooden_pickaxe":6,"minecraft:stone_axe":27,"minecraft:mutton":3,"minecraft:crafting_table":2,"minecraft:dandelion":1},"minecraft:picked_up":{"minecraft:birch_log":1,"minecraft:stick":4,"minecraft:crafting_table":5,"minecraft:pumpkin":1,"minecraft:leather":5,"minecraft:dandelion":1,"minecraft:oak_log":27,"minecraft:dirt":26,"minecraft:bone":1,"minecraft:orange_tulip":1,"minecraft:granite":5,"minecraft:red_tulip":3,"minecraft:white_tulip":1,"minecraft:poppy":1,"minecraft:oak_sapling":1,"minecraft:oak_planks":44,"minecraft:sugar_cane":6,"minecraft:mutton":3,"minecraft:iron_sword":1,"minecraft:furnace":2,"minecraft:white_wool":3,"minecraft:cobblestone":18,"minecraft:sunflower":5}},"DataVersion":3465}