{"stats":{"minecraft:dropped":{"minecraft:iron_sword":1,"minecraft:wheat_seeds":9,"minecraft:cooked_beef":1,"minecraft:oak_log":1,"minecraft:cooked_porkchop":4,"minecraft:orange_tulip":1,"minecraft:oxeye_daisy":1,"minecraft:cornflower":1,"minecraft:iron_leggings":2,"minecraft:gold_nugget":1,"minecraft:iron_pickaxe":1,"minecraft:dandelion":8,"minecraft:gold_ingot":2,"minecraft:white_tulip":1,"securitycraft:mine":3,"securitycraft:portable_tune_player":1,"minecraft:iron_boots":1,"minecraft:poppy":1,"minecraft:shield":1,"minecraft:iron_chestplate":1,"minecraft:beetroot_seeds":2,"minecraft:stone_pickaxe":1,"minecraft:red_tulip":1},"minecraft:broken":{"minecraft:stone_pickaxe":2,"minecraft:stone_axe":1},"minecraft:crafted":{"minecraft:smooth_stone":9,"securitycraft:mine":6,"minecraft:oak_planks":124,"minecraft:redstone":9,"minecraft:stone_shovel":1,"minecraft:furnace":2,"minecraft:blast_furnace":1,"minecraft:stone":9,"minecraft:bone_meal":9,"minecraft:iron_bars":16,"minecraft:bow":1,"minecraft:iron_boots":1,"minecraft:iron_axe":1,"securitycraft:universal_block_remover":1,"minecraft:stone_pickaxe":4,"minecraft:chest":6,"minecraft:redstone_block":1,"minecraft:smoker":1,"minecraft:wheat":117,"minecraft:cooked_beef":5,"securitycraft:portable_radar":1,"minecraft:emerald":1,"minecraft:cooked_porkchop":4,"minecraft:crafting_table":3,"minecraft:wooden_pickaxe":2,"minecraft:iron_helmet":1,"minecraft:iron_sword":1,"securitycraft:portable_tune_player":1,"minecraft:bucket":2,"minecraft:birch_planks":12,"securitycraft:cobblestone_mine":3,"minecraft:stone_axe":3,"minecraft:air":0,"minecraft:bread":39,"minecraft:wooden_hoe":1,"minecraft:iron_chestplate":1,"minecraft:book":1,"minecraft:paper":3,"minecraft:shield":3,"minecraft:stick":44,"minecraft:iron_ingot":64,"minecraft:iron_pickaxe":1,"minecraft:iron_leggings":1,"minecraft:gold_ingot":2,"minecraft:redstone_torch":1,"minecraft:note_block":1,"securitycraft:sc_manual":1,"minecraft:shears":1},"minecraft:picked_up":{"minecraft:iron_chestplate":1,"minecraft:crafting_table":6,"minecraft:gold_block":2,"minecraft:brewing_stand":1,"minecraft:shield":1,"minecraft:cornflower":1,"minecraft:string":13,"minecraft:soul_soil":1,"minecraft:iron_leggings":2,"minecraft:blackstone":27,"minecraft:cracked_stone_bricks":1,"minecraft:gold_nugget":73,"minecraft:cobbled_deepslate":41,"minecraft:beef":5,"minecraft:white_tulip":1,"minecraft:poppy":1,"minecraft:iron_pickaxe":1,"minecraft:sugar_cane":25,"minecraft:iron_boots":2,"minecraft:furnace":4,"minecraft:stick":62,"minecraft:raw_iron":99,"minecraft:oak_fence":1,"minecraft:porkchop":10,"minecraft:polished_blackstone_bricks":1,"minecraft:diorite":13,"minecraft:carrot":19,"minecraft:redstone":10,"minecraft:arrow":8,"minecraft:rotten_flesh":17,"minecraft:beetroot_seeds":2,"securitycraft:portable_tune_player":1,"minecraft:hay_block":47,"minecraft:red_tulip":3,"minecraft:mutton":3,"minecraft:bone_block":6,"minecraft:white_wool":3,"minecraft:cobblestone":291,"minecraft:oxeye_daisy":1,"minecraft:birch_log":8,"minecraft:pink_petals":1,"minecraft:magma_block":19,"minecraft:cooked_beef":1,"minecraft:andesite":7,"minecraft:leather":13,"minecraft:potato":9,"securitycraft:sc_manual":1,"minecraft:tuff":8,"minecraft:oak_log":59,"minecraft:nether_wart_block":1,"minecraft:gunpowder":2,"minecraft:lapis_lazuli":49,"minecraft:dirt":64,"minecraft:white_banner":1,"minecraft:bone":10,"minecraft:stone_bricks":1,"minecraft:bow":1,"minecraft:stonecutter":1,"minecraft:wheat_seeds":9,"minecraft:orange_tulip":1,"minecraft:raw_gold":8,"minecraft:iron_ingot":22,"minecraft:stone_pickaxe":1,"minecraft:iron_sword":2,"minecraft:oak_planks":44,"minecraft:soul_sand":2,"minecraft:cooked_porkchop":3,"minecraft:pumpkin":1,"minecraft:stone_brick_slab":1,"minecraft:warped_wart_block":1,"minecraft:quartz":27,"minecraft:dandelion":9,"securitycraft:portable_radar":2,"minecraft:ink_sac":1,"minecraft:white_bed":1,"minecraft:spider_eye":2,"securitycraft:universal_block_remover":1,"minecraft:diamond":2,"minecraft:granite":23,"minecraft:warped_roots":2,"minecraft:oak_sapling":1,"minecraft:netherrack":65,"minecraft:coal":56,"minecraft:crimson_roots":1,"minecraft:sunflower":5},"minecraft:mined":{"minecraft:nether_gold_ore":15,"minecraft:tuff":8,"minecraft:white_bed":1,"minecraft:deepslate_diamond_ore":2,"minecraft:brewing_stand":1,"minecraft:granite":18,"minecraft:grass_block":7,"minecraft:soul_soil":1,"minecraft:hay_block":48,"minecraft:polished_blackstone_bricks":2,"minecraft:redstone_ore":1,"minecraft:magma_block":19,"minecraft:carrots":8,"minecraft:furnace":2,"minecraft:iron_ore":40,"minecraft:cobbled_deepslate":1,"minecraft:fire":15,"minecraft:andesite":9,"minecraft:deepslate_lapis_ore":4,"minecraft:gold_block":1,"minecraft:potatoes":6,"minecraft:deepslate_iron_ore":24,"minecraft:stone":219,"minecraft:bone_block":6,"minecraft:deepslate_redstone_ore":1,"minecraft:soul_sand":2,"minecraft:crimson_nylium":3,"minecraft:soul_fire":1,"minecraft:stone_brick_slab":1,"minecraft:oak_fence":1,"minecraft:crafting_table":8,"minecraft:warped_roots":1,"minecraft:chest":1,"minecraft:nether_quartz_ore":27,"minecraft:tall_grass":1,"minecraft:cobblestone":1,"minecraft:deepslate_gold_ore":5,"minecraft:lapis_ore":2,"minecraft:sugar_cane":21,"minecraft:diorite":13,"minecraft:warped_wart_block":1,"minecraft:pink_petals":1,"minecraft:nether_wart_block":1,"minecraft:birch_log":8,"minecraft:wheat":14,"minecraft:birch_leaves":1,"minecraft:grass":6,"minecraft:oak_log":56,"minecraft:coal_ore":44,"minecraft:beetroots":2,"minecraft:gravel":3,"minecraft:dirt":46,"minecraft:cracked_stone_bricks":1,"minecraft:stonecutter":1,"minecraft:stone_bricks":1,"minecraft:netherrack":65,"minecraft:gold_ore":3,"minecraft:oak_leaves":11,"minecraft:deepslate":40},"minecraft:killed":{"minecraft:spider":5,"minecraft:skeleton":6,"minecraft:turtle":1,"minecraft:pig":2,"minecraft:hoglin":2,"minecraft:creeper":2,"minecraft:pillager":2,"minecraft:zombie":16,"minecraft:donkey":1,"minecraft:enderman":2,"minecraft:cow":2},"minecraft:used":{"minecraft:stone_shovel":13,"minecraft:chest":4,"minecraft:shield":36,"minecraft:iron_sword":118,"minecraft:rotten_flesh":7,"minecraft:netherrack":62,"minecraft:iron_chestplate":1,"minecraft:soul_sand":2,"minecraft:dirt":38,"minecraft:mutton":3,"minecraft:carrot":20,"minecraft:tuff":7,"minecraft:obsidian":1,"minecraft:lava_bucket":2,"minecraft:red_tulip":1,"minecraft:iron_boots":1,"minecraft:bow":4,"minecraft:soul_soil":1,"minecraft:furnace":3,"minecraft:cooked_beef":5,"minecraft:potato":9,"minecraft:cobbled_deepslate":37,"minecraft:water_bucket":4,"minecraft:oak_planks":44,"minecraft:stone_pickaxe":436,"minecraft:blackstone":3,"minecraft:wooden_pickaxe":15,"minecraft:sugar_cane":22,"minecraft:cracked_stone_bricks":1,"securitycraft:cobblestone_mine":3,"minecraft:crafting_table":7,"minecraft:blast_furnace":1,"minecraft:white_bed":1,"securitycraft:universal_block_remover":2,"minecraft:smoker":1,"minecraft:wooden_hoe":23,"minecraft:sunflower":1,"minecraft:bread":20,"minecraft:iron_pickaxe":158,"minecraft:golden_leggings":1,"minecraft:stone_axe":200,"minecraft:fire_charge":1,"minecraft:cobblestone":144,"minecraft:bucket":7,"minecraft:dandelion":1,"securitycraft:portable_radar":2,"minecraft:bone_meal":9},"minecraft:custom":{"minecraft:mob_kills":42,"minecraft:interact_with_crafting_table":58,"minecraft:bell_ring":1,"minecraft:leave_game":3,"minecraft:time_since_death":4817,"minecraft:climb_one_cm":358,"minecraft:sprint_one_cm":482014,"minecraft:walk_one_cm":457698,"minecraft:damage_blocked_by_shield":1200,"minecraft:drop":28,"minecraft:talked_to_villager":9,"minecraft:play_time":176055,"minecraft:deaths":4,"minecraft:sneak_time":4112,"minecraft:walk_under_water_one_cm":14325,"minecraft:jump":2430,"minecraft:interact_with_blast_furnace":9,"minecraft:walk_on_water_one_cm":19350,"minecraft:total_world_time":176055,"minecraft:interact_with_furnace":34,"minecraft:traded_with_villager":1,"minecraft:sleep_in_bed":5,"minecraft:time_since_rest":4845,"minecraft:damage_taken":1957,"minecraft:damage_dealt":9389,"minecraft:swim_one_cm":69556,"minecraft:fly_one_cm":360136,"minecraft:open_chest":77,"minecraft:crouch_one_cm":14636,"minecraft:interact_with_smoker":7,"minecraft:fall_one_cm":58964,"minecraft:horse_one_cm":5283},"minecraft:killed_by":{"minecraft:piglin_brute":1,"minecraft:zombie":1}},"DataVersion":3465}