{"stats":{"minecraft:dropped":{"minecraft:enchanted_book":1,"minecraft:iron_ingot":7,"minecraft:oak_slab":6,"techreborn:refined_iron_storage_block":1,"minecraft:wheat_seeds":1,"minecraft:mossy_cobblestone":1,"minecraft:granite":4,"minecraft:saddle":1,"minecraft:stick":1,"artifacts:night_vision_goggles":1,"minecraft:dirt":105,"minecraft:diorite":1,"minecraft:cornflower":1,"regions_unexplored:redwood_log":6,"minecraft:string":1,"minecraft:bucket":1,"twigs:twig":34,"simplyswords:arcanethyst":1,"minecraft:iron_boots":2,"minecraft:name_tag":10,"minecraft:oak_sign":9,"indrev:lead_shovel":1,"travelersbackpack:emerald":1,"bewitchment:mandrake_seeds":1,"minecraft:oak_button":9,"minecraft:hopper":1,"minecraft:yellow_bed":1,"minecraft:oak_boat":1,"minecraft:barrel":3,"minecraft:beef":1,"minecraft:stone_pickaxe":1},"minecraft:custom":{"lootr:looted_stat":32,"minecraft:mob_kills":65,"minecraft:interact_with_crafting_table":75,"minecraft:damage_dealt_resisted":0,"minecraft:leave_game":6,"minecraft:time_since_death":10420,"minecraft:climb_one_cm":3689,"minecraft:damage_resisted":0,"minecraft:sprint_one_cm":253175,"minecraft:walk_one_cm":739613,"minecraft:damage_blocked_by_shield":90,"minecraft:drop":35,"minecraft:talked_to_villager":5,"minecraft:play_time":220172,"minecraft:sneak_time":2363,"minecraft:deaths":3,"minecraft:walk_under_water_one_cm":18887,"minecraft:jump":1706,"minecraft:interact_with_blast_furnace":27,"minecraft:walk_on_water_one_cm":21050,"minecraft:total_world_time":220172,"minecraft:interact_with_furnace":12,"minecraft:raid_trigger":1,"minecraft:sleep_in_bed":2,"minecraft:hex":0,"minecraft:time_since_rest":10447,"minecraft:damage_taken":1790,"minecraft:damage_dealt":12923,"minecraft:swim_one_cm":26009,"minecraft:fly_one_cm":153556,"minecraft:open_chest":147,"minecraft:crouch_one_cm":6997,"minecraft:threat":3,"minecraft:fall_one_cm":31746},"minecraft:mined":{"techreborn:iron_furnace":1,"minecraft:candle":2,"modern_industrialization:bauxite_ore":2,"minecraft:granite":21,"minecraft:grass_block":14,"modern_industrialization:lignite_coal_ore":3,"regions_unexplored:raw_redstone_block":4,"minecraft:hay_block":9,"minecraft:redstone_ore":11,"regions_unexplored:pointed_redstone":1,"minecraft:furnace":2,"techreborn:lead_ore":3,"minecraft:iron_ore":23,"minecraft:fire":1,"minecraft:andesite":26,"treechop:chopped_log":16,"minecraft:pumpkin":4,"minecraft:peony":1,"minecraft:dirt_path":1,"minecraft:bookshelf":4,"minecraft:vine":1,"minecraft:deepslate_iron_ore":12,"bewitchment:salt_ore":17,"minecraft:oak_stairs":16,"minecraft:stripped_oak_log":7,"regions_unexplored:medium_grass":12,"minecraft:stone":249,"regions_unexplored:windswept_grass":21,"modern_industrialization:deepslate_bauxite_ore":3,"minecraft:podzol":7,"croptopia:starfruit_crop":1,"minecraft:deepslate_redstone_ore":2,"minecraft:oak_slab":12,"minecraft:smoker":1,"minecraft:basalt":1,"techreborn:basic_machine_frame":1,"minecraft:oak_fence":20,"minecraft:crafting_table":1,"minecraft:torch":1,"techreborn:deepslate_tin_ore":3,"modern_industrialization:lead_ore":11,"minecraft:chest":1,"minecraft:copper_ore":4,"minecraft:tall_grass":5,"minecraft:cobblestone":1,"minecraft:deepslate_gold_ore":2,"minecraft:lapis_ore":1,"minecraft:oak_planks":18,"minecraft:sugar_cane":1,"minecraft:diorite":5,"techreborn:tin_ore":28,"powah:deepslate_uraninite_ore_poor":1,"techreborn:rubber_leaves":44,"techreborn:silver_ore":11,"regions_unexplored:redstone_bud":4,"techreborn:ruby_ore":2,"modern_industrialization:antimony_ore":2,"minecraft:yellow_bed":2,"minecraft:grass":51,"minecraft:coal_ore":51,"minecraft:oak_log":46,"techreborn:galena_ore":3,"minecraft:gravel":6,"minecraft:sand":18,"minecraft:dirt":52,"minecraft:deepslate":4,"soulsweapons:verglas_ore":1},"minecraft:killed":{"minecraft:cave_spider":1,"minecraft:spider":1,"minecraft:vindicator":6,"naturalist:boar":1,"minecraft:skeleton":7,"minecraft:drowned":4,"minecraft:pig":2,"graveyard:ghoul":2,"naturalist:firefly":1,"minecraft:creeper":2,"bewitchment:raven":1,"minecraft:sheep":4,"minecraft:pillager":15,"minecraft:zombie":11,"betterend:shadow_walker":1,"minecraft:enderman":1,"minecraft:cow":4},"minecraft:crafted":{"indrev:lead_shovel":1,"minecraft:smooth_stone":8,"minecraft:oak_planks":488,"minecraft:oak_sign":9,"minecraft:barrel":3,"techreborn:red_cell_battery":1,"techreborn:manual":2,"comforts:sleeping_bag_white":1,"minecraft:furnace":2,"minecraft:blast_furnace":1,"minecraft:stone":9,"minecraft:bone_meal":15,"techreborn:compressor":1,"techreborn:lead_ingot":3,"minecraft:hopper":1,"techreborn:electric_furnace":1,"indrev:lead_axe":1,"techreborn:basic_machine_frame":9,"minecraft:stone_pickaxe":2,"techreborn:treetap":5,"techreborn:solid_fuel_generator":1,"minecraft:chest":10,"minecraft:oak_button":9,"minecraft:oak_fence":66,"techreborn:iron_furnace":1,"minecraft:oak_slab":6,"techreborn:refined_iron_storage_block":9,"minecraft:crafting_table":5,"travelersbackpack:backpack_tank":2,"minecraft:wooden_pickaxe":1,"travelersbackpack:standard":1,"indrev:lead_pickaxe":1,"minecraft:copper_ingot":13,"techreborn:electronic_circuit":2,"minecraft:bucket":1,"minecraft:air":0,"techreborn:refined_iron_ingot":90,"techreborn:insulated_copper_cable":17,"travelersbackpack:emerald":1,"minecraft:oak_fence_gate":2,"minecraft:oak_boat":1,"techreborn:copper_cable":30,"minecraft:stick":184,"minecraft:iron_ingot":17,"minecraft:acacia_planks":24,"minecraft:torch":32},"minecraft:picked_up":{"regions_unexplored:pointed_redstone":1,"techreborn:raw_tin":31,"minecraft:charcoal":2,"minecraft:crafting_table":1,"minecraft:brown_mushroom":1,"techreborn:iron_furnace":1,"minecraft:oak_stairs":20,"minecraft:enchanted_book":1,"minecraft:cornflower":2,"minecraft:string":3,"minecraft:raw_copper":15,"techreborn:galena_ore":3,"croptopia:pear":2,"techreborn:raw_silver":11,"minecraft:candle":3,"minecraft:cobbled_deepslate":11,"twigs:pebble":3,"minecraft:beef":6,"techreborn:rubber_log":13,"minecraft:light_gray_wool":1,"minecraft:sugar_cane":7,"minecraft:chest":1,"minecraft:birch_sapling":3,"regions_unexplored:redwood_log":6,"minecraft:iron_boots":2,"minecraft:furnace":2,"minecraft:stick":1,"minecraft:raw_iron":49,"minecraft:oak_fence":23,"minecraft:torch":2,"minecraft:acacia_log":6,"simplyswords:arcanethyst":1,"techreborn:ruby_gem":3,"minecraft:porkchop":7,"techreborn:refined_iron_storage_block":1,"regions_unexplored:raw_redstone_block":4,"minecraft:diorite":5,"minecraft:redstone":72,"techreborn:basic_machine_frame":1,"mcdw:double_axe_double":1,"minecraft:arrow":22,"minecraft:rotten_flesh":3,"minecraft:peony":1,"minecraft:hay_block":10,"minecraft:saddle":1,"minecraft:mutton":5,"minecraft:white_wool":3,"minecraft:cobblestone":197,"minecraft:nautilus_shell":1,"minecraft:stripped_oak_log":6,"minecraft:birch_log":6,"modern_industrialization:raw_antimony":2,"minecraft:basalt":2,"minecraft:andesite":8,"minecraft:leather":7,"minecraft:smoker":1,"minecraft:filled_map":1,"minecraft:oak_log":144,"minecraft:yellow_bed":2,"bewitchment:aconite_seeds":2,"minecraft:lapis_lazuli":5,"minecraft:dirt":78,"minecraft:name_tag":10,"minecraft:bone":11,"minecraft:apple":3,"minecraft:wheat_seeds":15,"minecraft:raw_gold":2,"bewitchment:mandrake_seeds":3,"minecraft:iron_ingot":64,"fishofthieves:earthworms":8,"modern_industrialization:bauxite_dust":5,"twigs:twig":43,"minecraft:oak_planks":10,"minecraft:acacia_sapling":1,"minecraft:book":12,"minecraft:oak_slab":12,"minecraft:pumpkin":4,"croptopia:starfruit":1,"minecraft:dandelion":2,"techreborn:raw_lead":3,"minecraft:gravel":6,"minecraft:sand":19,"bewitchment:salt":25,"powah:uraninite_raw":1,"minecraft:ink_sac":2,"minecraft:grass_block":1,"techreborn:rubber_sapling":8,"techreborn:red_garnet_gem":1,"minecraft:mossy_cobblestone":1,"beachparty:rubber_ring_pelican":1,"minecraft:white_candle":4,"minecraft:iron_helmet":1,"minecraft:granite":21,"soulsweapons:verglas":1,"fishofthieves:leeches":3,"minecraft:emerald":9,"bewitchment:ectoplasm":1,"modern_industrialization:raw_lead":11,"minecraft:oak_sapling":36,"minecraft:coal":81},"minecraft:killed_by":{"minecraft:drowned":1,"minecraft:zombie":1},"minecraft:used":{"minecraft:writable_book":2,"minecraft:stone_sword":40,"techreborn:iron_furnace":1,"croptopia:starfruit":1,"minecraft:chest":9,"minecraft:shield":4,"techreborn:compressor":1,"minecraft:white_candle":4,"minecraft:iron_chestplate":1,"techreborn:insulated_copper_cable":1,"minecraft:torch":33,"minecraft:dirt":18,"minecraft:oak_fence_gate":2,"mcdw:double_axe_double":185,"simplyswords:arcanethyst":133,"minecraft:furnace":1,"indrev:lead_axe":160,"croptopia:pear":2,"techreborn:electric_furnace":1,"techreborn:basic_machine_frame":1,"minecraft:stone_pickaxe":130,"minecraft:oak_planks":1,"minecraft:wooden_pickaxe":24,"minecraft:crafting_table":6,"minecraft:blast_furnace":1,"techreborn:rubber_sapling":4,"minecraft:apple":2,"minecraft:bread":20,"minecraft:iron_pickaxe":148,"techreborn:solid_fuel_generator":1,"minecraft:cobblestone":81,"minecraft:porkchop":4,"minecraft:pumpkin_pie":1,"minecraft:yellow_bed":1,"indrev:lead_pickaxe":257,"beachparty:rubber_ring_pelican":2,"minecraft:candle":3,"minecraft:bone_meal":15,"minecraft:oak_fence":84},"minecraft:broken":{"minecraft:iron_pickaxe":1,"mcdw:double_axe_double":1}},"DataVersion":3465}