{"stats":{"minecraft:mined":{"minecraft:iron_ore":3,"treechop:chopped_log":2,"minecraft:granite":4,"minecraft:grass":1,"minecraft:coal_ore":33,"minecraft:copper_ore":4,"minecraft:stone":41,"minecraft:diorite":1},"minecraft:custom":{"minecraft:time_since_rest":18111,"minecraft:sprint_one_cm":46231,"minecraft:damage_taken":170,"minecraft:walk_one_cm":65532,"minecraft:mob_kills":3,"minecraft:damage_dealt":350,"minecraft:swim_one_cm":3486,"minecraft:interact_with_crafting_table":7,"minecraft:fly_one_cm":42808,"minecraft:crouch_one_cm":1174,"minecraft:play_time":18111,"minecraft:sneak_time":458,"minecraft:walk_under_water_one_cm":193,"minecraft:jump":286,"minecraft:leave_game":1,"minecraft:walk_on_water_one_cm":430,"minecraft:time_since_death":18111,"minecraft:climb_one_cm":963,"minecraft:total_world_time":18111,"minecraft:hex":0,"minecraft:fall_one_cm":6747},"minecraft:killed":{"minecraft:pig":2,"minecraft:cow":1},"minecraft:crafted":{"minecraft:crafting_table":2,"minecraft:stick":4,"minecraft:wooden_pickaxe":1,"minecraft:stone_pickaxe":1,"minecraft:acacia_planks":24},"minecraft:picked_up":{"minecraft:raw_iron":3,"minecraft:leather":2,"minecraft:acacia_log":6,"minecraft:porkchop":4,"minecraft:diorite":1,"minecraft:raw_copper":15,"minecraft:beef":3,"minecraft:granite":4,"twigs:twig":3,"minecraft:acacia_sapling":1,"minecraft:coal":33,"minecraft:cobblestone":46},"minecraft:used":{"minecraft:stone_sword":10,"minecraft:stone_pickaxe":64,"minecraft:wooden_pickaxe":23,"minecraft:cobblestone":33,"minecraft:crafting_table":2,"minecraft:porkchop":4}},"DataVersion":3465}