{"stats":{"minecraft:dropped":{"minecraft:dirt":5,"minecraft:wheat_seeds":1,"minecraft:diorite":1,"minecraft:mossy_cobblestone":1,"minecraft:granite":4,"minecraft:string":1},"minecraft:mined":{"minecraft:podzol":3,"minecraft:iron_ore":5,"treechop:chopped_log":2,"minecraft:granite":4,"minecraft:grass":1,"minecraft:coal_ore":33,"minecraft:copper_ore":4,"minecraft:stone":42,"minecraft:diorite":1},"minecraft:custom":{"minecraft:time_since_rest":25830,"lootr:looted_stat":4,"minecraft:sprint_one_cm":55974,"minecraft:damage_taken":232,"minecraft:walk_one_cm":91753,"minecraft:damage_blocked_by_shield":90,"minecraft:mob_kills":5,"minecraft:drop":6,"minecraft:damage_dealt":747,"minecraft:interact_with_crafting_table":8,"minecraft:swim_one_cm":3486,"minecraft:fly_one_cm":51254,"minecraft:crouch_one_cm":1174,"minecraft:play_time":25830,"minecraft:sneak_time":463,"minecraft:walk_under_water_one_cm":193,"minecraft:jump":344,"minecraft:damage_dealt_resisted":0,"minecraft:leave_game":2,"minecraft:time_since_death":25830,"minecraft:walk_on_water_one_cm":430,"minecraft:total_world_time":25830,"minecraft:climb_one_cm":2197,"minecraft:damage_resisted":0,"minecraft:hex":0,"minecraft:fall_one_cm":8270},"minecraft:killed":{"minecraft:skeleton":1,"minecraft:pig":2,"naturalist:boar":1,"minecraft:cow":1},"minecraft:crafted":{"minecraft:crafting_table":2,"minecraft:stick":4,"minecraft:wooden_pickaxe":1,"minecraft:stone_pickaxe":1,"minecraft:acacia_planks":24},"minecraft:picked_up":{"minecraft:raw_iron":5,"minecraft:leather":3,"minecraft:acacia_log":6,"minecraft:porkchop":7,"minecraft:diorite":1,"minecraft:mossy_cobblestone":1,"minecraft:dirt":5,"minecraft:string":1,"minecraft:raw_copper":15,"minecraft:bone":2,"minecraft:arrow":1,"minecraft:wheat_seeds":1,"minecraft:granite":4,"minecraft:beef":3,"twigs:twig":3,"minecraft:acacia_sapling":1,"minecraft:coal":33,"minecraft:cobblestone":47,"regions_unexplored:redwood_log":6},"minecraft:used":{"minecraft:stone_sword":40,"minecraft:stone_pickaxe":67,"minecraft:bread":3,"minecraft:wooden_pickaxe":23,"minecraft:shield":4,"minecraft:cobblestone":33,"minecraft:crafting_table":2,"minecraft:porkchop":4}},"DataVersion":3465}