{"stats":{"minecraft:custom":{"minecraft:mob_kills":30,"minecraft:interact_with_crafting_table":42,"minecraft:bell_ring":1,"minecraft:leave_game":2,"minecraft:time_since_death":23813,"minecraft:climb_one_cm":358,"minecraft:sprint_one_cm":440515,"minecraft:walk_one_cm":319754,"minecraft:damage_blocked_by_shield":1105,"minecraft:drop":18,"minecraft:talked_to_villager":9,"minecraft:play_time":139348,"minecraft:deaths":3,"minecraft:sneak_time":4048,"minecraft:walk_under_water_one_cm":7601,"minecraft:jump":1993,"minecraft:interact_with_blast_furnace":1,"minecraft:walk_on_water_one_cm":16707,"minecraft:total_world_time":139348,"minecraft:interact_with_furnace":34,"minecraft:traded_with_villager":1,"minecraft:sleep_in_bed":5,"minecraft:time_since_rest":6033,"minecraft:damage_taken":1463,"minecraft:damage_dealt":7380,"minecraft:swim_one_cm":59137,"minecraft:fly_one_cm":324256,"minecraft:open_chest":57,"minecraft:crouch_one_cm":14476,"minecraft:interact_with_smoker":3,"minecraft:fall_one_cm":50273,"minecraft:horse_one_cm":5283},"minecraft:killed":{"minecraft:spider":3,"minecraft:skeleton":6,"minecraft:turtle":1,"minecraft:pig":2,"minecraft:hoglin":2,"minecraft:donkey":1,"minecraft:zombie":11,"minecraft:enderman":1,"minecraft:cow":2},"minecraft:dropped":{"minecraft:wheat_seeds":9,"minecraft:oak_log":1,"minecraft:orange_tulip":1,"minecraft:oxeye_daisy":1,"minecraft:cornflower":1,"minecraft:gold_nugget":1,"minecraft:dandelion":8,"minecraft:gold_ingot":2,"minecraft:white_tulip":1,"securitycraft:portable_tune_player":1,"minecraft:poppy":1,"minecraft:beetroot_seeds":2,"minecraft:stone_pickaxe":1,"minecraft:red_tulip":1},"minecraft:killed_by":{"minecraft:piglin_brute":1,"minecraft:zombie":1},"minecraft:picked_up":{"minecraft:crafting_table":6,"minecraft:brewing_stand":1,"minecraft:cornflower":1,"minecraft:string":4,"minecraft:soul_soil":1,"minecraft:blackstone":27,"minecraft:cracked_stone_bricks":1,"minecraft:gold_nugget":73,"minecraft:cobbled_deepslate":20,"minecraft:beef":5,"minecraft:white_tulip":1,"minecraft:poppy":1,"minecraft:sugar_cane":11,"minecraft:furnace":4,"minecraft:stick":4,"minecraft:raw_iron":92,"minecraft:oak_fence":1,"minecraft:porkchop":10,"minecraft:polished_blackstone_bricks":1,"minecraft:diorite":7,"minecraft:carrot":15,"minecraft:redstone":10,"minecraft:arrow":6,"minecraft:rotten_flesh":9,"minecraft:beetroot_seeds":2,"securitycraft:portable_tune_player":1,"minecraft:hay_block":47,"minecraft:red_tulip":3,"minecraft:mutton":3,"minecraft:cobblestone":201,"minecraft:bone_block":6,"minecraft:white_wool":3,"minecraft:oxeye_daisy":1,"minecraft:birch_log":8,"minecraft:magma_block":19,"minecraft:pink_petals":1,"minecraft:andesite":7,"minecraft:leather":13,"minecraft:potato":5,"minecraft:tuff":8,"minecraft:oak_log":59,"minecraft:nether_wart_block":1,"minecraft:lapis_lazuli":49,"minecraft:dirt":43,"minecraft:bone":7,"minecraft:stone_bricks":1,"minecraft:stonecutter":1,"minecraft:bow":1,"minecraft:orange_tulip":1,"minecraft:wheat_seeds":9,"minecraft:raw_gold":5,"minecraft:stone_pickaxe":1,"minecraft:soul_sand":2,"minecraft:iron_sword":1,"minecraft:oak_planks":44,"minecraft:pumpkin":1,"minecraft:quartz":27,"minecraft:stone_brick_slab":1,"minecraft:warped_wart_block":1,"minecraft:dandelion":9,"minecraft:white_bed":1,"minecraft:spider_eye":1,"minecraft:granite":9,"minecraft:warped_roots":2,"minecraft:oak_sapling":1,"minecraft:coal":47,"minecraft:netherrack":63,"minecraft:crimson_roots":1,"minecraft:sunflower":5},"minecraft:mined":{"minecraft:nether_gold_ore":15,"minecraft:tuff":8,"minecraft:white_bed":1,"minecraft:brewing_stand":1,"minecraft:granite":4,"minecraft:grass_block":7,"minecraft:soul_soil":1,"minecraft:hay_block":48,"minecraft:polished_blackstone_bricks":2,"minecraft:magma_block":19,"minecraft:redstone_ore":1,"minecraft:furnace":2,"minecraft:carrots":7,"minecraft:iron_ore":37,"minecraft:andesite":9,"minecraft:deepslate_lapis_ore":4,"minecraft:potatoes":5,"minecraft:deepslate_iron_ore":20,"minecraft:stone":200,"minecraft:bone_block":6,"minecraft:deepslate_redstone_ore":1,"minecraft:soul_sand":2,"minecraft:crimson_nylium":3,"minecraft:soul_fire":1,"minecraft:stone_brick_slab":1,"minecraft:oak_fence":1,"minecraft:crafting_table":8,"minecraft:warped_roots":1,"minecraft:chest":1,"minecraft:nether_quartz_ore":27,"minecraft:tall_grass":1,"minecraft:cobblestone":1,"minecraft:lapis_ore":2,"minecraft:deepslate_gold_ore":2,"minecraft:sugar_cane":8,"minecraft:diorite":7,"minecraft:warped_wart_block":1,"minecraft:pink_petals":1,"minecraft:nether_wart_block":1,"minecraft:birch_log":8,"minecraft:wheat":14,"minecraft:birch_leaves":1,"minecraft:grass":5,"minecraft:oak_log":56,"minecraft:coal_ore":35,"minecraft:beetroots":2,"minecraft:gravel":3,"minecraft:dirt":42,"minecraft:cracked_stone_bricks":1,"minecraft:stonecutter":1,"minecraft:stone_bricks":1,"minecraft:netherrack":63,"minecraft:gold_ore":3,"minecraft:oak_leaves":8,"minecraft:deepslate":20},"minecraft:crafted":{"minecraft:smooth_stone":9,"minecraft:oak_planks":124,"minecraft:redstone":9,"minecraft:stone_shovel":1,"minecraft:furnace":2,"minecraft:blast_furnace":1,"minecraft:stone":9,"minecraft:bone_meal":9,"minecraft:iron_boots":1,"minecraft:iron_axe":1,"minecraft:stone_pickaxe":4,"minecraft:chest":6,"minecraft:redstone_block":1,"minecraft:smoker":1,"minecraft:wheat":117,"minecraft:cooked_beef":5,"securitycraft:portable_radar":1,"minecraft:emerald":1,"minecraft:crafting_table":3,"minecraft:iron_helmet":1,"minecraft:wooden_pickaxe":2,"minecraft:iron_sword":1,"securitycraft:portable_tune_player":1,"minecraft:bucket":2,"minecraft:birch_planks":12,"minecraft:stone_axe":3,"minecraft:bread":39,"minecraft:air":0,"minecraft:iron_chestplate":1,"minecraft:wooden_hoe":1,"minecraft:shield":3,"minecraft:stick":44,"minecraft:iron_ingot":57,"minecraft:iron_pickaxe":1,"minecraft:iron_leggings":1,"minecraft:gold_ingot":2,"minecraft:redstone_torch":1,"minecraft:note_block":1},"minecraft:broken":{"minecraft:stone_pickaxe":2,"minecraft:stone_axe":1},"minecraft:used":{"minecraft:stone_shovel":13,"minecraft:chest":4,"minecraft:shield":32,"minecraft:iron_sword":73,"minecraft:rotten_flesh":5,"minecraft:netherrack":62,"minecraft:iron_chestplate":1,"minecraft:soul_sand":2,"minecraft:dirt":37,"minecraft:mutton":3,"minecraft:carrot":15,"minecraft:tuff":7,"minecraft:obsidian":1,"minecraft:lava_bucket":2,"minecraft:red_tulip":1,"minecraft:iron_boots":1,"minecraft:soul_soil":1,"minecraft:furnace":3,"minecraft:cooked_beef":2,"minecraft:potato":5,"minecraft:cobbled_deepslate":16,"minecraft:water_bucket":4,"minecraft:stone_pickaxe":436,"minecraft:oak_planks":44,"minecraft:blackstone":3,"minecraft:wooden_pickaxe":15,"minecraft:sugar_cane":11,"minecraft:cracked_stone_bricks":1,"minecraft:crafting_table":7,"minecraft:blast_furnace":1,"minecraft:white_bed":1,"minecraft:smoker":1,"minecraft:wooden_hoe":23,"minecraft:sunflower":1,"minecraft:bread":20,"minecraft:iron_pickaxe":68,"minecraft:golden_leggings":1,"minecraft:stone_axe":200,"minecraft:fire_charge":1,"minecraft:cobblestone":121,"minecraft:bucket":7,"minecraft:dandelion":1,"minecraft:bone_meal":9}},"DataVersion":3465}