{"stats":{"minecraft:custom":{"minecraft:mob_kills":8,"minecraft:traded_with_villager":1,"minecraft:interact_with_crafting_table":7,"minecraft:bell_ring":1,"minecraft:time_since_death":42945,"minecraft:sleep_in_bed":1,"minecraft:time_since_rest":16936,"minecraft:sprint_one_cm":154721,"minecraft:damage_taken":324,"minecraft:walk_one_cm":124342,"minecraft:drop":13,"minecraft:damage_dealt":1360,"minecraft:swim_one_cm":14374,"minecraft:talked_to_villager":9,"minecraft:fly_one_cm":150240,"minecraft:open_chest":4,"minecraft:crouch_one_cm":86,"minecraft:play_time":42945,"minecraft:sneak_time":73,"minecraft:walk_under_water_one_cm":3445,"minecraft:jump":719,"minecraft:walk_on_water_one_cm":8355,"minecraft:horse_one_cm":5283,"minecraft:total_world_time":42945,"minecraft:fall_one_cm":15586},"minecraft:crafted":{"minecraft:oak_planks":48,"minecraft:stone_shovel":1,"minecraft:emerald":1,"minecraft:crafting_table":2,"minecraft:wooden_pickaxe":1,"minecraft:stone_axe":1,"minecraft:bread":39,"minecraft:air":0,"minecraft:stick":4,"minecraft:stone_pickaxe":1,"minecraft:chest":1,"minecraft:wheat":117},"minecraft:killed":{"minecraft:pig":2,"minecraft:spider":1,"minecraft:skeleton":1,"minecraft:zombie":1,"minecraft:donkey":1,"minecraft:cow":2},"minecraft:mined":{"minecraft:brewing_stand":1,"minecraft:oak_fence":1,"minecraft:crafting_table":8,"minecraft:grass_block":7,"minecraft:chest":1,"minecraft:tall_grass":1,"minecraft:sugar_cane":3,"minecraft:pink_petals":1,"minecraft:hay_block":48,"minecraft:carrots":4,"minecraft:birch_log":1,"minecraft:iron_ore":7,"minecraft:wheat":14,"minecraft:grass":4,"minecraft:oak_log":24,"minecraft:potatoes":3,"minecraft:coal_ore":35,"minecraft:beetroots":2,"minecraft:dirt":21,"minecraft:stonecutter":1,"minecraft:stone":35,"minecraft:oak_leaves":1},"minecraft:dropped":{"minecraft:white_tulip":1,"minecraft:wheat_seeds":9,"minecraft:oak_log":1,"minecraft:orange_tulip":1,"minecraft:oxeye_daisy":1,"minecraft:poppy":1,"minecraft:cornflower":1,"minecraft:beetroot_seeds":2,"minecraft:red_tulip":1,"minecraft:dandelion":8},"minecraft:used":{"minecraft:stone_pickaxe":75,"minecraft:stone_shovel":13,"minecraft:wooden_pickaxe":6,"minecraft:mutton":3,"minecraft:crafting_table":4,"minecraft:red_tulip":1,"minecraft:sunflower":1,"minecraft:bread":11,"minecraft:golden_leggings":1,"minecraft:stone_axe":122,"minecraft:dandelion":1},"minecraft:picked_up":{"minecraft:birch_log":1,"minecraft:pink_petals":1,"minecraft:crafting_table":6,"minecraft:leather":11,"minecraft:potato":1,"minecraft:oak_log":27,"minecraft:brewing_stand":1,"minecraft:string":2,"minecraft:cornflower":1,"minecraft:dirt":27,"minecraft:bone":3,"minecraft:stonecutter":1,"minecraft:orange_tulip":1,"minecraft:wheat_seeds":9,"minecraft:beef":5,"minecraft:white_tulip":1,"minecraft:poppy":1,"minecraft:sugar_cane":6,"minecraft:iron_sword":1,"minecraft:oak_planks":44,"minecraft:furnace":2,"minecraft:stick":4,"minecraft:raw_iron":7,"minecraft:pumpkin":1,"minecraft:oak_fence":1,"minecraft:dandelion":9,"minecraft:porkchop":4,"minecraft:carrot":3,"minecraft:spider_eye":1,"minecraft:arrow":2,"minecraft:rotten_flesh":1,"minecraft:beetroot_seeds":2,"minecraft:hay_block":47,"minecraft:red_tulip":3,"minecraft:granite":5,"minecraft:oak_sapling":1,"minecraft:sunflower":5,"minecraft:mutton":3,"minecraft:coal":35,"minecraft:cobblestone":35,"minecraft:white_wool":3,"minecraft:oxeye_daisy":1}},"DataVersion":3465}