{"stats":{"minecraft:used":{"minecraft:oak_fence":19,"minecraft:iron_shovel":107,"minecraft:stone_shovel":169,"minecraft:chest":2,"minecraft:shield":20,"minecraft:iron_sword":56,"minecraft:netherrack":62,"minecraft:soul_sand":2,"minecraft:dirt":245,"minecraft:mutton":3,"minecraft:white_carpet":3,"minecraft:carrot":4,"minecraft:golden_shovel":33,"minecraft:obsidian":1,"minecraft:lava_bucket":2,"minecraft:red_tulip":1,"minecraft:soul_soil":1,"minecraft:oak_sapling":1,"minecraft:furnace":2,"minecraft:egg":1,"minecraft:potato":13,"minecraft:water_bucket":4,"minecraft:stone_pickaxe":322,"minecraft:oak_planks":43,"minecraft:blackstone":3,"minecraft:wooden_pickaxe":13,"minecraft:sugar_cane":9,"minecraft:cracked_stone_bricks":1,"minecraft:crafting_table":5,"minecraft:white_bed":3,"minecraft:oak_log":22,"minecraft:wooden_hoe":23,"minecraft:sunflower":1,"minecraft:bread":20,"minecraft:golden_leggings":1,"minecraft:stone_axe":233,"minecraft:fire_charge":1,"minecraft:cobblestone":55,"minecraft:bucket":7,"minecraft:dandelion":1},"minecraft:picked_up":{"minecraft:crafting_table":6,"minecraft:brewing_stand":1,"minecraft:cornflower":1,"minecraft:string":4,"minecraft:soul_soil":1,"minecraft:white_carpet":3,"minecraft:iron_shovel":2,"minecraft:blackstone":27,"minecraft:cracked_stone_bricks":1,"minecraft:gold_nugget":73,"minecraft:smooth_stone":20,"minecraft:beef":5,"minecraft:white_tulip":1,"minecraft:poppy":1,"minecraft:sugar_cane":9,"minecraft:furnace":2,"minecraft:stick":6,"minecraft:raw_iron":12,"minecraft:stone":3,"minecraft:oak_fence":7,"minecraft:porkchop":10,"minecraft:polished_blackstone_bricks":1,"minecraft:carrot":4,"minecraft:arrow":4,"minecraft:rotten_flesh":2,"minecraft:beetroot_seeds":2,"minecraft:hay_block":47,"minecraft:red_tulip":3,"minecraft:mutton":3,"minecraft:cobblestone":137,"minecraft:bone_block":6,"minecraft:white_wool":3,"minecraft:oxeye_daisy":1,"minecraft:birch_log":9,"minecraft:pink_petals":1,"minecraft:magma_block":19,"minecraft:andesite":4,"minecraft:leather":13,"minecraft:potato":2,"minecraft:oak_log":74,"minecraft:nether_wart_block":1,"minecraft:dirt":431,"minecraft:bone":6,"minecraft:stone_bricks":1,"minecraft:stonecutter":1,"minecraft:bow":1,"minecraft:wheat_seeds":42,"minecraft:orange_tulip":1,"minecraft:stone_pickaxe":1,"minecraft:iron_sword":1,"minecraft:oak_planks":50,"minecraft:soul_sand":2,"minecraft:pumpkin":1,"minecraft:warped_wart_block":1,"minecraft:stone_brick_slab":1,"minecraft:quartz":27,"minecraft:dandelion":9,"minecraft:ink_sac":1,"minecraft:white_bed":3,"minecraft:spider_eye":1,"securitycraft:universal_block_remover":1,"minecraft:stone_axe":2,"minecraft:granite":6,"minecraft:warped_roots":2,"minecraft:oak_sapling":4,"minecraft:netherrack":63,"minecraft:coal":39,"minecraft:crimson_roots":1,"minecraft:sunflower":5},"minecraft:killed":{"minecraft:spider":2,"minecraft:skeleton":4,"minecraft:turtle":1,"minecraft:pig":2,"minecraft:hoglin":2,"minecraft:donkey":1,"minecraft:zombie":3,"minecraft:enderman":1,"minecraft:cow":2},"minecraft:mined":{"minecraft:nether_gold_ore":15,"minecraft:white_bed":3,"minecraft:oak_sapling":1,"minecraft:brewing_stand":1,"minecraft:granite":1,"minecraft:grass_block":211,"minecraft:soul_soil":1,"minecraft:hay_block":48,"minecraft:polished_blackstone_bricks":2,"minecraft:magma_block":19,"minecraft:carrots":5,"minecraft:iron_ore":12,"minecraft:andesite":4,"minecraft:potatoes":4,"minecraft:stone":132,"minecraft:bone_block":6,"minecraft:soul_sand":2,"minecraft:crimson_nylium":3,"minecraft:soul_fire":1,"minecraft:stone_brick_slab":1,"minecraft:oak_fence":7,"minecraft:crafting_table":8,"minecraft:warped_roots":1,"minecraft:chest":1,"minecraft:nether_quartz_ore":27,"minecraft:tall_grass":24,"minecraft:cobblestone":1,"minecraft:sugar_cane":6,"minecraft:warped_wart_block":1,"minecraft:pink_petals":1,"minecraft:nether_wart_block":1,"minecraft:birch_log":7,"minecraft:wheat":14,"minecraft:white_carpet":1,"minecraft:grass":137,"minecraft:oak_log":61,"minecraft:coal_ore":39,"minecraft:beetroots":2,"minecraft:dirt":128,"minecraft:cracked_stone_bricks":1,"minecraft:stonecutter":1,"minecraft:stone_bricks":1,"minecraft:netherrack":63,"minecraft:oak_leaves":15},"minecraft:custom":{"minecraft:mob_kills":19,"minecraft:interact_with_crafting_table":27,"minecraft:bell_ring":1,"minecraft:leave_game":7,"minecraft:time_since_death":4439,"minecraft:climb_one_cm":358,"minecraft:sprint_one_cm":427163,"minecraft:walk_one_cm":410262,"minecraft:damage_blocked_by_shield":800,"minecraft:drop":21,"minecraft:talked_to_villager":9,"minecraft:play_time":131973,"minecraft:deaths":5,"minecraft:sneak_time":3000,"minecraft:walk_under_water_one_cm":17298,"minecraft:jump":1889,"minecraft:walk_on_water_one_cm":23155,"minecraft:total_world_time":131973,"minecraft:interact_with_furnace":19,"minecraft:traded_with_villager":1,"minecraft:sleep_in_bed":3,"minecraft:time_since_rest":4540,"minecraft:damage_taken":1773,"minecraft:damage_dealt":6499,"minecraft:swim_one_cm":63278,"minecraft:fly_one_cm":316013,"minecraft:open_chest":68,"minecraft:crouch_one_cm":10394,"minecraft:fall_one_cm":44739,"minecraft:horse_one_cm":7207},"minecraft:broken":{"minecraft:golden_shovel":1,"minecraft:stone_pickaxe":1,"minecraft:stone_axe":1,"minecraft:stone_shovel":1},"minecraft:killed_by":{"minecraft:piglin_brute":1,"man:managgresive":3,"minecraft:zombie":1},"minecraft:dropped":{"minecraft:wheat_seeds":9,"minecraft:oak_log":2,"minecraft:orange_tulip":1,"minecraft:oxeye_daisy":1,"minecraft:dirt":1,"minecraft:cornflower":1,"minecraft:gold_nugget":1,"minecraft:birch_log":2,"minecraft:dandelion":8,"minecraft:gold_ingot":2,"minecraft:white_tulip":1,"minecraft:poppy":1,"minecraft:beetroot_seeds":2,"minecraft:stone_pickaxe":1,"minecraft:red_tulip":1},"minecraft:crafted":{"minecraft:oak_planks":132,"minecraft:smooth_stone":20,"minecraft:stone_shovel":1,"minecraft:stone":53,"minecraft:white_carpet":3,"securitycraft:universal_block_remover":1,"minecraft:stone_pickaxe":3,"minecraft:chest":3,"minecraft:oak_fence":18,"minecraft:wheat":117,"minecraft:emerald":1,"minecraft:crafting_table":2,"minecraft:wooden_pickaxe":2,"minecraft:bucket":2,"minecraft:stone_axe":3,"minecraft:air":0,"minecraft:bread":39,"minecraft:wooden_hoe":1,"minecraft:shield":1,"minecraft:stick":40,"minecraft:iron_ingot":12,"minecraft:iron_shovel":1,"minecraft:gold_ingot":2,"minecraft:shears":1}},"DataVersion":3465}