{"stats":{"minecraft:broken":{"minecraft:golden_shovel":1,"minecraft:stone_pickaxe":1,"minecraft:stone_axe":1},"minecraft:killed_by":{"minecraft:piglin_brute":1,"minecraft:zombie":1},"minecraft:picked_up":{"minecraft:crafting_table":6,"minecraft:brewing_stand":1,"minecraft:cornflower":1,"minecraft:string":4,"minecraft:soul_soil":1,"minecraft:white_carpet":1,"minecraft:blackstone":27,"minecraft:cracked_stone_bricks":1,"minecraft:gold_nugget":73,"minecraft:beef":5,"minecraft:white_tulip":1,"minecraft:poppy":1,"minecraft:sugar_cane":9,"minecraft:furnace":2,"minecraft:stick":4,"minecraft:raw_iron":12,"minecraft:oak_fence":4,"minecraft:porkchop":10,"minecraft:polished_blackstone_bricks":1,"minecraft:carrot":3,"minecraft:arrow":4,"minecraft:rotten_flesh":2,"minecraft:beetroot_seeds":2,"minecraft:hay_block":47,"minecraft:red_tulip":3,"minecraft:mutton":3,"minecraft:cobblestone":132,"minecraft:bone_block":6,"minecraft:white_wool":3,"minecraft:oxeye_daisy":1,"minecraft:birch_log":9,"minecraft:pink_petals":1,"minecraft:magma_block":19,"minecraft:andesite":4,"minecraft:leather":13,"minecraft:potato":2,"minecraft:oak_log":43,"minecraft:nether_wart_block":1,"minecraft:dirt":98,"minecraft:bone":6,"minecraft:stone_bricks":1,"minecraft:stonecutter":1,"minecraft:bow":1,"minecraft:orange_tulip":1,"minecraft:wheat_seeds":14,"minecraft:stone_pickaxe":1,"minecraft:soul_sand":2,"minecraft:oak_planks":44,"minecraft:iron_sword":1,"minecraft:pumpkin":1,"minecraft:quartz":27,"minecraft:stone_brick_slab":1,"minecraft:warped_wart_block":1,"minecraft:dandelion":9,"minecraft:white_bed":3,"minecraft:spider_eye":1,"minecraft:granite":6,"minecraft:warped_roots":2,"minecraft:oak_sapling":2,"minecraft:netherrack":63,"minecraft:coal":39,"minecraft:crimson_roots":1,"minecraft:sunflower":5},"minecraft:used":{"minecraft:oak_fence":19,"minecraft:stone_shovel":44,"minecraft:chest":2,"minecraft:shield":20,"minecraft:iron_sword":56,"minecraft:netherrack":62,"minecraft:soul_sand":2,"minecraft:dirt":48,"minecraft:mutton":3,"minecraft:white_carpet":3,"minecraft:carrot":3,"minecraft:golden_shovel":33,"minecraft:obsidian":1,"minecraft:lava_bucket":2,"minecraft:red_tulip":1,"minecraft:soul_soil":1,"minecraft:oak_sapling":1,"minecraft:furnace":2,"minecraft:egg":1,"minecraft:potato":2,"minecraft:water_bucket":4,"minecraft:stone_pickaxe":322,"minecraft:oak_planks":43,"minecraft:blackstone":3,"minecraft:wooden_pickaxe":13,"minecraft:sugar_cane":9,"minecraft:cracked_stone_bricks":1,"minecraft:crafting_table":5,"minecraft:white_bed":3,"minecraft:wooden_hoe":23,"minecraft:sunflower":1,"minecraft:bread":20,"minecraft:golden_leggings":1,"minecraft:stone_axe":156,"minecraft:fire_charge":1,"minecraft:cobblestone":55,"minecraft:bucket":7,"minecraft:dandelion":1},"minecraft:mined":{"minecraft:nether_gold_ore":15,"minecraft:white_bed":3,"minecraft:brewing_stand":1,"minecraft:granite":1,"minecraft:grass_block":56,"minecraft:soul_soil":1,"minecraft:hay_block":48,"minecraft:polished_blackstone_bricks":2,"minecraft:magma_block":19,"minecraft:carrots":4,"minecraft:iron_ore":12,"minecraft:andesite":4,"minecraft:potatoes":4,"minecraft:stone":132,"minecraft:bone_block":6,"minecraft:soul_sand":2,"minecraft:crimson_nylium":3,"minecraft:soul_fire":1,"minecraft:stone_brick_slab":1,"minecraft:oak_fence":4,"minecraft:crafting_table":8,"minecraft:warped_roots":1,"minecraft:chest":1,"minecraft:nether_quartz_ore":27,"minecraft:tall_grass":16,"minecraft:cobblestone":1,"minecraft:sugar_cane":6,"minecraft:warped_wart_block":1,"minecraft:pink_petals":1,"minecraft:nether_wart_block":1,"minecraft:birch_log":7,"minecraft:wheat":14,"minecraft:white_carpet":1,"minecraft:grass":53,"minecraft:oak_log":40,"minecraft:coal_ore":39,"minecraft:beetroots":2,"minecraft:dirt":49,"minecraft:cracked_stone_bricks":1,"minecraft:stonecutter":1,"minecraft:stone_bricks":1,"minecraft:netherrack":63,"minecraft:oak_leaves":2},"minecraft:custom":{"minecraft:mob_kills":19,"minecraft:interact_with_crafting_table":25,"minecraft:bell_ring":1,"minecraft:leave_game":3,"minecraft:time_since_death":17610,"minecraft:climb_one_cm":358,"minecraft:sprint_one_cm":387818,"minecraft:walk_one_cm":312825,"minecraft:damage_blocked_by_shield":800,"minecraft:drop":19,"minecraft:talked_to_villager":9,"minecraft:play_time":113014,"minecraft:deaths":2,"minecraft:sneak_time":2671,"minecraft:walk_under_water_one_cm":5304,"minecraft:jump":1716,"minecraft:walk_on_water_one_cm":16122,"minecraft:total_world_time":113014,"minecraft:interact_with_furnace":19,"minecraft:traded_with_villager":1,"minecraft:sleep_in_bed":3,"minecraft:time_since_rest":5845,"minecraft:damage_taken":1048,"minecraft:damage_dealt":4975,"minecraft:swim_one_cm":55295,"minecraft:fly_one_cm":293402,"minecraft:open_chest":57,"minecraft:crouch_one_cm":9544,"minecraft:fall_one_cm":40062,"minecraft:horse_one_cm":7207},"minecraft:dropped":{"minecraft:wheat_seeds":9,"minecraft:oak_log":1,"minecraft:orange_tulip":1,"minecraft:oxeye_daisy":1,"minecraft:cornflower":1,"minecraft:gold_nugget":1,"minecraft:birch_log":2,"minecraft:dandelion":8,"minecraft:gold_ingot":2,"minecraft:white_tulip":1,"minecraft:poppy":1,"minecraft:beetroot_seeds":2,"minecraft:stone_pickaxe":1,"minecraft:red_tulip":1},"minecraft:killed":{"minecraft:spider":2,"minecraft:skeleton":4,"minecraft:turtle":1,"minecraft:pig":2,"minecraft:hoglin":2,"minecraft:donkey":1,"minecraft:zombie":3,"minecraft:enderman":1,"minecraft:cow":2},"minecraft:crafted":{"minecraft:smooth_stone":20,"minecraft:oak_planks":124,"minecraft:stone_shovel":1,"minecraft:stone":53,"minecraft:white_carpet":3,"minecraft:stone_pickaxe":3,"minecraft:chest":3,"minecraft:oak_fence":18,"minecraft:wheat":117,"minecraft:emerald":1,"minecraft:crafting_table":2,"minecraft:wooden_pickaxe":2,"minecraft:bucket":2,"minecraft:stone_axe":3,"minecraft:bread":39,"minecraft:air":0,"minecraft:wooden_hoe":1,"minecraft:shield":1,"minecraft:stick":36,"minecraft:iron_ingot":12,"minecraft:gold_ingot":2}},"DataVersion":3465}