{"stats":{"minecraft:picked_up":{"minecraft:crafting_table":6,"minecraft:brewing_stand":1,"minecraft:cornflower":1,"minecraft:string":4,"minecraft:soul_soil":1,"minecraft:blackstone":27,"minecraft:cracked_stone_bricks":1,"minecraft:gold_nugget":73,"minecraft:cobbled_deepslate":4,"minecraft:beef":5,"minecraft:white_tulip":1,"minecraft:poppy":1,"minecraft:sugar_cane":6,"minecraft:furnace":2,"minecraft:stick":4,"minecraft:raw_iron":57,"minecraft:oak_fence":1,"minecraft:porkchop":10,"minecraft:polished_blackstone_bricks":1,"minecraft:carrot":3,"minecraft:arrow":5,"minecraft:rotten_flesh":4,"minecraft:beetroot_seeds":2,"minecraft:hay_block":47,"minecraft:red_tulip":3,"minecraft:mutton":3,"minecraft:cobblestone":164,"minecraft:white_wool":3,"minecraft:bone_block":6,"minecraft:oxeye_daisy":1,"minecraft:birch_log":4,"minecraft:pink_petals":1,"minecraft:magma_block":19,"minecraft:andesite":7,"minecraft:leather":13,"minecraft:potato":1,"minecraft:oak_log":32,"minecraft:nether_wart_block":1,"minecraft:lapis_lazuli":49,"minecraft:dirt":40,"minecraft:bone":7,"minecraft:stone_bricks":1,"minecraft:stonecutter":1,"minecraft:bow":1,"minecraft:orange_tulip":1,"minecraft:wheat_seeds":9,"minecraft:raw_gold":5,"minecraft:stone_pickaxe":1,"minecraft:soul_sand":2,"minecraft:oak_planks":44,"minecraft:iron_sword":1,"minecraft:pumpkin":1,"minecraft:quartz":27,"minecraft:stone_brick_slab":1,"minecraft:warped_wart_block":1,"minecraft:dandelion":9,"minecraft:spider_eye":1,"minecraft:granite":9,"minecraft:warped_roots":2,"minecraft:oak_sapling":1,"minecraft:netherrack":63,"minecraft:coal":35,"minecraft:crimson_roots":1,"minecraft:sunflower":5},"minecraft:used":{"minecraft:stone_shovel":13,"minecraft:chest":2,"minecraft:shield":21,"minecraft:iron_sword":56,"minecraft:rotten_flesh":2,"minecraft:netherrack":62,"minecraft:dirt":37,"minecraft:soul_sand":2,"minecraft:mutton":3,"minecraft:carrot":3,"minecraft:obsidian":1,"minecraft:lava_bucket":2,"minecraft:red_tulip":1,"minecraft:soul_soil":1,"minecraft:furnace":3,"minecraft:potato":1,"minecraft:water_bucket":4,"minecraft:stone_pickaxe":364,"minecraft:oak_planks":43,"minecraft:blackstone":3,"minecraft:wooden_pickaxe":15,"minecraft:sugar_cane":6,"minecraft:cracked_stone_bricks":1,"minecraft:crafting_table":6,"minecraft:wooden_hoe":23,"minecraft:sunflower":1,"minecraft:bread":20,"minecraft:iron_pickaxe":59,"minecraft:golden_leggings":1,"minecraft:stone_axe":147,"minecraft:fire_charge":1,"minecraft:cobblestone":60,"minecraft:bucket":7,"minecraft:dandelion":1},"minecraft:crafted":{"minecraft:oak_planks":124,"minecraft:stone_shovel":1,"minecraft:furnace":1,"minecraft:stone_pickaxe":4,"minecraft:chest":3,"minecraft:wheat":117,"minecraft:emerald":1,"minecraft:crafting_table":3,"minecraft:wooden_pickaxe":2,"minecraft:bucket":2,"minecraft:birch_planks":12,"minecraft:stone_axe":3,"minecraft:bread":39,"minecraft:air":0,"minecraft:wooden_hoe":1,"minecraft:shield":2,"minecraft:stick":28,"minecraft:iron_ingot":11,"minecraft:iron_pickaxe":1,"minecraft:gold_ingot":2},"minecraft:killed_by":{"minecraft:piglin_brute":1},"minecraft:broken":{"minecraft:stone_pickaxe":2},"minecraft:custom":{"minecraft:mob_kills":22,"minecraft:interact_with_crafting_table":22,"minecraft:bell_ring":1,"minecraft:leave_game":1,"minecraft:time_since_death":21456,"minecraft:climb_one_cm":358,"minecraft:sprint_one_cm":384863,"minecraft:walk_one_cm":218634,"minecraft:damage_blocked_by_shield":825,"minecraft:drop":17,"minecraft:talked_to_villager":9,"minecraft:play_time":100108,"minecraft:deaths":1,"minecraft:sneak_time":3105,"minecraft:walk_under_water_one_cm":4463,"minecraft:jump":1561,"minecraft:walk_on_water_one_cm":12870,"minecraft:total_world_time":100108,"minecraft:interact_with_furnace":7,"minecraft:traded_with_villager":1,"minecraft:sleep_in_bed":1,"minecraft:time_since_rest":21625,"minecraft:damage_taken":933,"minecraft:damage_dealt":5435,"minecraft:swim_one_cm":50739,"minecraft:fly_one_cm":281654,"minecraft:open_chest":30,"minecraft:crouch_one_cm":12398,"minecraft:fall_one_cm":38655,"minecraft:horse_one_cm":5283},"minecraft:killed":{"minecraft:spider":3,"minecraft:skeleton":5,"minecraft:turtle":1,"minecraft:pig":2,"minecraft:hoglin":2,"minecraft:zombie":4,"minecraft:donkey":1,"minecraft:enderman":1,"minecraft:cow":2},"minecraft:dropped":{"minecraft:wheat_seeds":9,"minecraft:oak_log":1,"minecraft:orange_tulip":1,"minecraft:oxeye_daisy":1,"minecraft:cornflower":1,"minecraft:gold_nugget":1,"minecraft:dandelion":8,"minecraft:gold_ingot":2,"minecraft:white_tulip":1,"minecraft:poppy":1,"minecraft:beetroot_seeds":2,"minecraft:stone_pickaxe":1,"minecraft:red_tulip":1},"minecraft:mined":{"minecraft:nether_gold_ore":15,"minecraft:brewing_stand":1,"minecraft:granite":4,"minecraft:grass_block":7,"minecraft:soul_soil":1,"minecraft:hay_block":48,"minecraft:polished_blackstone_bricks":2,"minecraft:magma_block":19,"minecraft:carrots":4,"minecraft:iron_ore":37,"minecraft:andesite":9,"minecraft:deepslate_lapis_ore":4,"minecraft:potatoes":3,"minecraft:deepslate_iron_ore":20,"minecraft:stone":171,"minecraft:bone_block":6,"minecraft:soul_sand":2,"minecraft:crimson_nylium":3,"minecraft:soul_fire":1,"minecraft:stone_brick_slab":1,"minecraft:oak_fence":1,"minecraft:crafting_table":8,"minecraft:warped_roots":1,"minecraft:chest":1,"minecraft:nether_quartz_ore":27,"minecraft:tall_grass":1,"minecraft:cobblestone":1,"minecraft:deepslate_gold_ore":2,"minecraft:lapis_ore":2,"minecraft:sugar_cane":3,"minecraft:warped_wart_block":1,"minecraft:pink_petals":1,"minecraft:nether_wart_block":1,"minecraft:birch_log":4,"minecraft:wheat":14,"minecraft:grass":5,"minecraft:oak_log":29,"minecraft:coal_ore":35,"minecraft:beetroots":2,"minecraft:dirt":35,"minecraft:cracked_stone_bricks":1,"minecraft:stonecutter":1,"minecraft:stone_bricks":1,"minecraft:netherrack":63,"minecraft:deepslate":4,"minecraft:gold_ore":3,"minecraft:oak_leaves":2}},"DataVersion":3465}