{"stats":{"minecraft:custom":{"minecraft:jump":31,"minecraft:time_since_rest":945,"minecraft:damage_dealt":38,"minecraft:walk_on_water_one_cm":143,"minecraft:sprint_one_cm":8770,"minecraft:play_time":945,"minecraft:damage_taken":80,"minecraft:time_since_death":945,"minecraft:walk_one_cm":2782,"minecraft:sneak_time":8,"minecraft:total_world_time":945,"minecraft:walk_under_water_one_cm":248,"minecraft:fall_one_cm":896,"minecraft:fly_one_cm":9786},"minecraft:mined":{"minecraft:grass":1}},"DataVersion":3465}