{"stats":{"minecraft:broken":{"minecraft:iron_axe":4,"minecraft:stone_axe":2,"minecraft:iron_pickaxe":3,"minecraft:golden_pickaxe":1},"minecraft:killed":{"minecraft:spider":5,"minecraft:skeleton":5,"minecraft:bee":1,"minecraft:pig":3,"minecraft:zombie":14,"minecraft:cow":2},"minecraft:crafted":{"minecraft:oak_planks":176,"minecraft:furnace":2,"minecraft:bone_meal":6,"minecraft:iron_axe":3,"minecraft:stone_pickaxe":14,"minecraft:chest":2,"minecraft:wooden_shovel":1,"minecraft:cooked_porkchop":4,"minecraft:crafting_table":13,"minecraft:golden_pickaxe":1,"minecraft:birch_planks":28,"securitycraft:cobblestone_mine":1,"minecraft:stone_axe":17,"minecraft:air":0,"minecraft:iron_pickaxe":2,"minecraft:stick":256,"minecraft:iron_ingot":6,"minecraft:wooden_axe":1,"minecraft:gold_ingot":3},"minecraft:mined":{"minecraft:white_bed":5,"minecraft:mossy_cobblestone":46,"minecraft:oak_door":6,"minecraft:cobblestone_stairs":19,"minecraft:grass_block":25,"minecraft:composter":1,"minecraft:oxeye_daisy":26,"minecraft:oak_trapdoor":2,"minecraft:furnace":1,"minecraft:carrots":1,"minecraft:fire":13,"minecraft:pumpkin":6,"minecraft:azure_bluet":4,"minecraft:peony":4,"minecraft:red_tulip":12,"minecraft:cobblestone_slab":2,"minecraft:dirt_path":4,"minecraft:oak_stairs":394,"minecraft:stripped_oak_log":105,"minecraft:pink_tulip":8,"minecraft:stone":14,"minecraft:white_tulip":7,"minecraft:glass_pane":16,"minecraft:dandelion":2,"minecraft:oak_fence":9,"minecraft:clay":4,"minecraft:crafting_table":5,"minecraft:cornflower":1,"minecraft:poppy":1,"minecraft:white_stained_glass_pane":7,"minecraft:rose_bush":8,"minecraft:cobblestone":539,"minecraft:tall_grass":27,"minecraft:sugar_cane":1,"minecraft:oak_planks":479,"minecraft:wall_torch":5,"minecraft:white_terracotta":109,"minecraft:cobblestone_wall":2,"minecraft:birch_log":12,"minecraft:wheat":8,"minecraft:lilac":6,"minecraft:birch_leaves":2,"minecraft:warped_fungus":1,"minecraft:orange_tulip":20,"minecraft:bee_nest":2,"minecraft:yellow_bed":3,"minecraft:yellow_stained_glass_pane":8,"minecraft:grass":118,"minecraft:oak_log":76,"minecraft:sunflower":34,"minecraft:dirt":16,"minecraft:terracotta":2,"minecraft:oak_leaves":73},"minecraft:dropped":{"minecraft:iron_ingot":14,"minecraft:oak_log":2,"minecraft:orange_tulip":2,"minecraft:stick":2,"minecraft:oxeye_daisy":2,"minecraft:iron_leggings":1,"minecraft:oak_stairs":116,"minecraft:sunflower":7,"minecraft:iron_axe":1,"minecraft:dandelion":1,"minecraft:pink_tulip":2,"minecraft:oak_door":4,"minecraft:white_tulip":8,"minecraft:stone_axe":13,"minecraft:cobblestone_wall":2,"minecraft:iron_boots":1,"minecraft:oak_planks":126,"minecraft:azure_bluet":1,"minecraft:white_terracotta":31,"minecraft:poppy":1,"minecraft:cobblestone_slab":2,"minecraft:oak_sapling":1,"minecraft:wooden_shovel":2,"minecraft:arrow":6,"minecraft:stone_pickaxe":11,"minecraft:red_tulip":4},"minecraft:killed_by":{"minecraft:bee":1,"minecraft:zombie":1},"minecraft:used":{"minecraft:peony":2,"minecraft:rose_bush":2,"minecraft:white_tulip":3,"minecraft:chest":2,"minecraft:shield":5,"minecraft:iron_sword":61,"minecraft:wooden_shovel":36,"minecraft:oak_door":5,"minecraft:iron_chestplate":2,"minecraft:dirt":42,"minecraft:azure_bluet":2,"minecraft:wooden_axe":55,"minecraft:red_tulip":3,"minecraft:iron_axe":974,"minecraft:iron_helmet":2,"minecraft:iron_boots":2,"minecraft:warped_fungus":3,"minecraft:furnace":2,"minecraft:egg":2,"minecraft:cooked_beef":4,"minecraft:pumpkin":6,"minecraft:iron_leggings":3,"minecraft:pink_tulip":2,"minecraft:stone_pickaxe":207,"minecraft:oak_planks":6,"minecraft:orange_tulip":8,"securitycraft:cobblestone_mine":1,"minecraft:crafting_table":17,"minecraft:oxeye_daisy":15,"minecraft:sunflower":23,"minecraft:iron_pickaxe":568,"securitycraft:mine":1,"minecraft:stone_axe":260,"minecraft:cobblestone":60,"minecraft:porkchop":1,"minecraft:cooked_porkchop":11,"securitycraft:portable_radar":1,"minecraft:golden_pickaxe":34},"minecraft:picked_up":{"minecraft:crafting_table":5,"minecraft:iron_chestplate":2,"minecraft:azure_bluet":5,"minecraft:ladder":10,"minecraft:wooden_pickaxe":1,"minecraft:oak_stairs":189,"minecraft:shield":1,"minecraft:cornflower":1,"minecraft:string":2,"minecraft:iron_axe":2,"minecraft:iron_leggings":3,"minecraft:beef":2,"minecraft:white_tulip":14,"minecraft:rose_bush":6,"minecraft:cobblestone_slab":2,"minecraft:wooden_shovel":1,"minecraft:poppy":1,"minecraft:iron_pickaxe":2,"minecraft:iron_boots":3,"minecraft:egg":2,"minecraft:stick":7,"minecraft:raw_iron":18,"minecraft:oak_door":9,"minecraft:torch":32,"minecraft:porkchop":6,"minecraft:rotten_flesh":16,"minecraft:arrow":11,"minecraft:peony":3,"minecraft:red_tulip":13,"minecraft:pink_tulip":7,"minecraft:white_terracotta":95,"minecraft:cobblestone":453,"minecraft:oxeye_daisy":24,"minecraft:stripped_oak_log":93,"minecraft:birch_log":12,"minecraft:cooked_beef":4,"minecraft:lilac":4,"minecraft:water_bucket":1,"minecraft:leather":2,"minecraft:oak_log":18,"minecraft:cobblestone_wall":2,"minecraft:cobblestone_stairs":19,"minecraft:dirt":56,"minecraft:bone":5,"minecraft:wheat_seeds":10,"minecraft:orange_tulip":21,"minecraft:raw_gold":3,"minecraft:iron_ingot":23,"minecraft:stone_pickaxe":1,"minecraft:iron_sword":1,"minecraft:oak_planks":424,"minecraft:warped_fungus":4,"securitycraft:mine":3,"minecraft:cooked_porkchop":10,"minecraft:pumpkin":6,"minecraft:dandelion":1,"securitycraft:portable_radar":1,"minecraft:spider_eye":1,"minecraft:mossy_cobblestone":45,"minecraft:iron_helmet":2,"minecraft:oak_sapling":1,"minecraft:netherrack":2,"minecraft:coal":116,"minecraft:sunflower":30},"minecraft:custom":{"minecraft:mob_kills":32,"minecraft:animals_bred":1,"minecraft:interact_with_crafting_table":26,"minecraft:bell_ring":9,"minecraft:leave_game":11,"minecraft:time_since_death":18576,"minecraft:climb_one_cm":2183,"minecraft:sprint_one_cm":308948,"minecraft:walk_one_cm":768177,"minecraft:damage_blocked_by_shield":240,"minecraft:drop":69,"minecraft:talked_to_villager":17,"minecraft:play_time":259598,"minecraft:sneak_time":515,"minecraft:deaths":4,"minecraft:walk_under_water_one_cm":9058,"minecraft:jump":1802,"minecraft:interact_with_brewingstand":1,"minecraft:walk_on_water_one_cm":18406,"minecraft:total_world_time":259598,"minecraft:interact_with_furnace":13,"minecraft:interact_with_stonecutter":1,"minecraft:sleep_in_bed":1,"minecraft:time_since_rest":18728,"minecraft:damage_taken":2131,"minecraft:damage_dealt":6947,"minecraft:player_kills":1,"minecraft:swim_one_cm":4128,"minecraft:fly_one_cm":245783,"minecraft:open_chest":7,"minecraft:crouch_one_cm":1450,"minecraft:interact_with_smoker":4,"minecraft:fall_one_cm":42225,"minecraft:horse_one_cm":5491}},"DataVersion":3465}