{"stats":{"minecraft:custom":{"minecraft:interact_with_furnace":3,"minecraft:mob_kills":1,"minecraft:animals_bred":1,"minecraft:interact_with_crafting_table":9,"minecraft:leave_game":1,"minecraft:time_since_death":8182,"minecraft:time_since_rest":8453,"minecraft:sprint_one_cm":93752,"minecraft:damage_taken":762,"minecraft:walk_one_cm":219880,"minecraft:drop":25,"minecraft:damage_dealt":933,"minecraft:swim_one_cm":1311,"minecraft:fly_one_cm":43606,"minecraft:player_kills":1,"minecraft:crouch_one_cm":700,"minecraft:play_time":76512,"minecraft:deaths":3,"minecraft:sneak_time":155,"minecraft:walk_under_water_one_cm":3495,"minecraft:jump":371,"minecraft:walk_on_water_one_cm":6754,"minecraft:total_world_time":76512,"minecraft:fall_one_cm":9798},"minecraft:crafted":{"minecraft:oak_planks":60,"minecraft:wooden_shovel":1,"minecraft:crafting_table":10,"minecraft:birch_planks":28,"minecraft:stick":4,"minecraft:wooden_axe":1},"minecraft:killed":{"minecraft:bee":1},"minecraft:mined":{"minecraft:dandelion":1,"minecraft:cornflower":1,"minecraft:grass_block":23,"minecraft:poppy":1,"minecraft:rose_bush":8,"minecraft:tall_grass":2,"minecraft:oak_planks":4,"minecraft:oxeye_daisy":24,"minecraft:birch_log":12,"minecraft:lilac":6,"minecraft:birch_leaves":2,"minecraft:pumpkin":6,"minecraft:orange_tulip":20,"minecraft:azure_bluet":4,"minecraft:bee_nest":2,"minecraft:peony":4,"minecraft:grass":21,"minecraft:red_tulip":12,"minecraft:oak_log":17,"minecraft:sunflower":33,"minecraft:dirt":14,"minecraft:pink_tulip":8,"minecraft:white_tulip":7,"minecraft:oak_leaves":22},"minecraft:killed_by":{"minecraft:zombie":1,"minecraft:bee":1},"minecraft:dropped":{"minecraft:white_tulip":5,"minecraft:oak_log":2,"minecraft:orange_tulip":2,"minecraft:azure_bluet":1,"minecraft:stick":2,"minecraft:oxeye_daisy":1,"minecraft:poppy":1,"minecraft:oak_sapling":1,"minecraft:sunflower":5,"minecraft:red_tulip":4,"minecraft:dandelion":1},"minecraft:used":{"minecraft:peony":2,"minecraft:rose_bush":2,"minecraft:pink_tulip":2,"minecraft:white_tulip":3,"minecraft:oak_planks":4,"minecraft:orange_tulip":8,"minecraft:wooden_shovel":36,"minecraft:iron_chestplate":1,"minecraft:dirt":5,"minecraft:crafting_table":11,"minecraft:azure_bluet":2,"minecraft:wooden_axe":55,"minecraft:oxeye_daisy":14,"minecraft:red_tulip":3,"minecraft:sunflower":23,"minecraft:iron_axe":4,"minecraft:iron_helmet":1,"minecraft:iron_boots":1,"minecraft:egg":2,"minecraft:pumpkin":6,"minecraft:iron_leggings":1},"minecraft:picked_up":{"minecraft:birch_log":12,"minecraft:iron_chestplate":1,"minecraft:crafting_table":3,"minecraft:cooked_beef":3,"minecraft:azure_bluet":5,"minecraft:lilac":4,"minecraft:water_bucket":1,"minecraft:wooden_pickaxe":1,"minecraft:oak_log":17,"minecraft:cornflower":1,"minecraft:dirt":31,"minecraft:iron_axe":1,"minecraft:iron_leggings":1,"minecraft:wheat_seeds":2,"minecraft:orange_tulip":21,"minecraft:raw_gold":3,"minecraft:iron_ingot":11,"minecraft:white_tulip":14,"minecraft:rose_bush":6,"minecraft:poppy":1,"minecraft:iron_pickaxe":1,"minecraft:oak_planks":4,"minecraft:iron_boots":1,"minecraft:egg":2,"minecraft:stick":7,"minecraft:raw_iron":18,"minecraft:cooked_porkchop":4,"minecraft:pumpkin":6,"minecraft:dandelion":1,"minecraft:porkchop":1,"minecraft:peony":3,"minecraft:iron_helmet":1,"minecraft:red_tulip":13,"minecraft:pink_tulip":7,"minecraft:oak_sapling":1,"minecraft:coal":70,"minecraft:cobblestone":16,"minecraft:sunflower":30,"minecraft:oxeye_daisy":22}},"DataVersion":3465}