{"stats":{"minecraft:custom":{"minecraft:interact_with_furnace":10,"minecraft:mob_kills":3,"minecraft:animals_bred":1,"minecraft:interact_with_crafting_table":17,"minecraft:interact_with_stonecutter":1,"minecraft:leave_game":1,"minecraft:time_since_death":50182,"minecraft:climb_one_cm":2183,"minecraft:time_since_rest":50453,"minecraft:sprint_one_cm":119756,"minecraft:damage_taken":844,"minecraft:walk_one_cm":396994,"minecraft:drop":61,"minecraft:damage_dealt":1268,"minecraft:talked_to_villager":7,"minecraft:swim_one_cm":4128,"minecraft:fly_one_cm":60195,"minecraft:player_kills":1,"minecraft:crouch_one_cm":793,"minecraft:play_time":118512,"minecraft:deaths":3,"minecraft:sneak_time":221,"minecraft:walk_under_water_one_cm":4008,"minecraft:interact_with_brewingstand":1,"minecraft:jump":609,"minecraft:walk_on_water_one_cm":10203,"minecraft:total_world_time":118512,"minecraft:fall_one_cm":13109},"minecraft:broken":{"minecraft:iron_axe":2,"minecraft:stone_axe":1,"minecraft:iron_pickaxe":2,"minecraft:golden_pickaxe":1},"minecraft:crafted":{"minecraft:oak_planks":176,"minecraft:wooden_shovel":1,"minecraft:cooked_porkchop":1,"minecraft:crafting_table":12,"minecraft:furnace":2,"minecraft:golden_pickaxe":1,"minecraft:birch_planks":28,"minecraft:stone_axe":17,"minecraft:air":0,"minecraft:iron_axe":3,"minecraft:iron_ingot":6,"minecraft:stone_pickaxe":14,"minecraft:iron_pickaxe":2,"minecraft:stick":256,"minecraft:wooden_axe":1,"minecraft:gold_ingot":3},"minecraft:killed":{"minecraft:zombie":1,"minecraft:bee":1},"minecraft:mined":{"minecraft:glass_pane":13,"minecraft:mossy_cobblestone":36,"minecraft:oak_door":5,"minecraft:cobblestone_stairs":18,"minecraft:dandelion":1,"minecraft:oak_fence":4,"minecraft:crafting_table":3,"minecraft:cornflower":1,"minecraft:grass_block":23,"minecraft:poppy":1,"minecraft:white_stained_glass_pane":7,"minecraft:rose_bush":8,"minecraft:cobblestone":438,"minecraft:tall_grass":2,"minecraft:oak_planks":338,"minecraft:oxeye_daisy":25,"minecraft:wall_torch":3,"minecraft:white_terracotta":31,"minecraft:cobblestone_wall":2,"minecraft:birch_log":12,"minecraft:lilac":6,"minecraft:birch_leaves":2,"minecraft:pumpkin":6,"minecraft:orange_tulip":20,"minecraft:azure_bluet":4,"minecraft:bee_nest":2,"minecraft:peony":4,"minecraft:yellow_stained_glass_pane":8,"minecraft:grass":26,"minecraft:red_tulip":12,"minecraft:oak_log":38,"minecraft:cobblestone_slab":2,"minecraft:oak_stairs":280,"minecraft:sunflower":33,"minecraft:stripped_oak_log":89,"minecraft:dirt":15,"minecraft:pink_tulip":8,"minecraft:white_tulip":7,"minecraft:oak_leaves":22},"minecraft:killed_by":{"minecraft:zombie":1,"minecraft:bee":1},"minecraft:dropped":{"minecraft:oak_door":4,"minecraft:white_tulip":8,"minecraft:stone_axe":13,"minecraft:oak_log":2,"minecraft:cobblestone_wall":2,"minecraft:orange_tulip":2,"minecraft:oak_planks":126,"minecraft:white_terracotta":31,"minecraft:azure_bluet":1,"minecraft:stick":2,"minecraft:oxeye_daisy":2,"minecraft:poppy":1,"minecraft:cobblestone_slab":2,"minecraft:wooden_shovel":2,"minecraft:oak_sapling":1,"minecraft:oak_stairs":52,"minecraft:sunflower":7,"minecraft:iron_axe":1,"minecraft:stone_pickaxe":9,"minecraft:red_tulip":4,"minecraft:pink_tulip":2,"minecraft:dandelion":1},"minecraft:used":{"minecraft:peony":2,"minecraft:rose_bush":2,"minecraft:pink_tulip":2,"minecraft:white_tulip":3,"minecraft:stone_pickaxe":61,"minecraft:oak_planks":6,"minecraft:orange_tulip":8,"minecraft:wooden_shovel":36,"minecraft:iron_chestplate":1,"minecraft:dirt":19,"minecraft:crafting_table":16,"minecraft:azure_bluet":2,"minecraft:wooden_axe":55,"minecraft:oxeye_daisy":14,"minecraft:red_tulip":3,"minecraft:sunflower":23,"minecraft:iron_axe":625,"minecraft:iron_pickaxe":462,"minecraft:iron_helmet":1,"minecraft:iron_boots":1,"minecraft:stone_axe":129,"minecraft:cooked_porkchop":1,"minecraft:furnace":2,"minecraft:egg":2,"minecraft:golden_pickaxe":34,"minecraft:pumpkin":6,"minecraft:iron_leggings":1},"minecraft:picked_up":{"minecraft:stripped_oak_log":83,"minecraft:birch_log":12,"minecraft:iron_chestplate":1,"minecraft:crafting_table":5,"minecraft:cooked_beef":3,"minecraft:azure_bluet":5,"minecraft:lilac":4,"minecraft:ladder":10,"minecraft:water_bucket":1,"minecraft:wooden_pickaxe":1,"minecraft:oak_stairs":180,"minecraft:oak_log":17,"minecraft:cobblestone_wall":2,"minecraft:cobblestone_stairs":18,"minecraft:cornflower":1,"minecraft:dirt":32,"minecraft:iron_axe":2,"minecraft:iron_leggings":1,"minecraft:wheat_seeds":2,"minecraft:orange_tulip":21,"minecraft:raw_gold":3,"minecraft:iron_ingot":11,"minecraft:white_tulip":14,"minecraft:rose_bush":6,"minecraft:cobblestone_slab":2,"minecraft:wooden_shovel":1,"minecraft:poppy":1,"minecraft:iron_pickaxe":1,"minecraft:oak_planks":336,"minecraft:iron_boots":1,"minecraft:egg":2,"minecraft:stick":7,"minecraft:raw_iron":18,"minecraft:cooked_porkchop":4,"minecraft:oak_door":7,"minecraft:pumpkin":6,"minecraft:torch":23,"minecraft:dandelion":1,"minecraft:porkchop":1,"minecraft:mossy_cobblestone":35,"minecraft:rotten_flesh":3,"minecraft:peony":3,"minecraft:iron_helmet":1,"minecraft:red_tulip":13,"minecraft:pink_tulip":7,"minecraft:white_terracotta":31,"minecraft:oak_sapling":1,"minecraft:coal":70,"minecraft:cobblestone":408,"minecraft:sunflower":30,"minecraft:oxeye_daisy":23}},"DataVersion":3465}