{"stats":{"minecraft:custom":{"minecraft:mob_kills":20,"minecraft:animals_bred":1,"minecraft:interact_with_crafting_table":18,"minecraft:bell_ring":9,"minecraft:leave_game":7,"minecraft:time_since_death":152753,"minecraft:climb_one_cm":2183,"minecraft:sprint_one_cm":239348,"minecraft:walk_one_cm":641829,"minecraft:drop":65,"minecraft:talked_to_villager":17,"minecraft:play_time":221083,"minecraft:deaths":3,"minecraft:sneak_time":288,"minecraft:walk_under_water_one_cm":6081,"minecraft:jump":1281,"minecraft:interact_with_brewingstand":1,"minecraft:walk_on_water_one_cm":14794,"minecraft:total_world_time":221083,"minecraft:interact_with_furnace":13,"minecraft:interact_with_stonecutter":1,"minecraft:sleep_in_bed":1,"minecraft:time_since_rest":54581,"minecraft:damage_taken":1475,"minecraft:damage_dealt":4652,"minecraft:swim_one_cm":4128,"minecraft:fly_one_cm":182907,"minecraft:player_kills":1,"minecraft:crouch_one_cm":1029,"minecraft:fall_one_cm":29712,"minecraft:horse_one_cm":5491},"minecraft:killed":{"minecraft:spider":4,"minecraft:skeleton":3,"minecraft:bee":1,"minecraft:pig":2,"minecraft:zombie":7,"minecraft:cow":1},"minecraft:dropped":{"minecraft:oak_log":2,"minecraft:orange_tulip":2,"minecraft:stick":2,"minecraft:oxeye_daisy":2,"minecraft:oak_stairs":116,"minecraft:sunflower":7,"minecraft:iron_axe":1,"minecraft:dandelion":1,"minecraft:pink_tulip":2,"minecraft:oak_door":4,"minecraft:white_tulip":8,"minecraft:stone_axe":13,"minecraft:cobblestone_wall":2,"minecraft:oak_planks":126,"minecraft:white_terracotta":31,"minecraft:azure_bluet":1,"minecraft:poppy":1,"minecraft:cobblestone_slab":2,"minecraft:oak_sapling":1,"minecraft:wooden_shovel":2,"minecraft:arrow":2,"minecraft:stone_pickaxe":11,"minecraft:red_tulip":4},"minecraft:killed_by":{"minecraft:bee":1,"minecraft:zombie":1},"minecraft:picked_up":{"minecraft:crafting_table":5,"minecraft:iron_chestplate":1,"minecraft:azure_bluet":5,"minecraft:ladder":10,"minecraft:wooden_pickaxe":1,"minecraft:oak_stairs":189,"minecraft:cornflower":1,"minecraft:iron_axe":2,"minecraft:iron_leggings":1,"minecraft:beef":1,"minecraft:white_tulip":14,"minecraft:rose_bush":6,"minecraft:cobblestone_slab":2,"minecraft:wooden_shovel":1,"minecraft:poppy":1,"minecraft:iron_pickaxe":1,"minecraft:iron_boots":1,"minecraft:egg":2,"minecraft:stick":7,"minecraft:raw_iron":18,"minecraft:oak_door":9,"minecraft:torch":32,"minecraft:porkchop":3,"minecraft:rotten_flesh":13,"minecraft:arrow":6,"minecraft:peony":3,"minecraft:red_tulip":13,"minecraft:pink_tulip":7,"minecraft:white_terracotta":95,"minecraft:cobblestone":435,"minecraft:oxeye_daisy":24,"minecraft:stripped_oak_log":93,"minecraft:birch_log":12,"minecraft:cooked_beef":3,"minecraft:lilac":4,"minecraft:water_bucket":1,"minecraft:leather":2,"minecraft:oak_log":17,"minecraft:cobblestone_wall":2,"minecraft:cobblestone_stairs":19,"minecraft:dirt":32,"minecraft:bone":3,"minecraft:orange_tulip":21,"minecraft:wheat_seeds":5,"minecraft:stone_pickaxe":1,"minecraft:raw_gold":3,"minecraft:iron_ingot":23,"minecraft:oak_planks":424,"minecraft:cooked_porkchop":4,"minecraft:pumpkin":6,"minecraft:dandelion":1,"minecraft:mossy_cobblestone":45,"minecraft:iron_helmet":1,"minecraft:oak_sapling":1,"minecraft:coal":116,"minecraft:sunflower":30},"minecraft:mined":{"minecraft:white_bed":5,"minecraft:mossy_cobblestone":46,"minecraft:oak_door":6,"minecraft:cobblestone_stairs":19,"minecraft:grass_block":23,"minecraft:composter":1,"minecraft:oxeye_daisy":26,"minecraft:oak_trapdoor":2,"minecraft:furnace":1,"minecraft:carrots":1,"minecraft:pumpkin":6,"minecraft:azure_bluet":4,"minecraft:peony":4,"minecraft:red_tulip":12,"minecraft:cobblestone_slab":2,"minecraft:dirt_path":4,"minecraft:oak_stairs":394,"minecraft:stripped_oak_log":105,"minecraft:pink_tulip":8,"minecraft:white_tulip":7,"minecraft:glass_pane":16,"minecraft:dandelion":2,"minecraft:oak_fence":9,"minecraft:clay":4,"minecraft:crafting_table":5,"minecraft:cornflower":1,"minecraft:poppy":1,"minecraft:white_stained_glass_pane":7,"minecraft:rose_bush":8,"minecraft:cobblestone":535,"minecraft:tall_grass":20,"minecraft:oak_planks":479,"minecraft:wall_torch":5,"minecraft:white_terracotta":109,"minecraft:cobblestone_wall":2,"minecraft:birch_log":12,"minecraft:wheat":8,"minecraft:lilac":6,"minecraft:birch_leaves":2,"minecraft:orange_tulip":20,"minecraft:bee_nest":2,"minecraft:yellow_bed":3,"minecraft:yellow_stained_glass_pane":8,"minecraft:grass":111,"minecraft:oak_log":75,"minecraft:sunflower":34,"minecraft:dirt":16,"minecraft:terracotta":2,"minecraft:oak_leaves":22},"minecraft:crafted":{"minecraft:oak_planks":176,"minecraft:furnace":2,"minecraft:iron_axe":3,"minecraft:stone_pickaxe":14,"minecraft:wooden_shovel":1,"minecraft:cooked_porkchop":3,"minecraft:crafting_table":13,"minecraft:golden_pickaxe":1,"minecraft:birch_planks":28,"minecraft:stone_axe":17,"minecraft:air":0,"minecraft:stick":256,"minecraft:iron_pickaxe":2,"minecraft:iron_ingot":6,"minecraft:wooden_axe":1,"minecraft:gold_ingot":3},"minecraft:broken":{"minecraft:iron_axe":4,"minecraft:stone_axe":2,"minecraft:iron_pickaxe":3,"minecraft:golden_pickaxe":1},"minecraft:used":{"minecraft:peony":2,"minecraft:rose_bush":2,"minecraft:white_tulip":3,"minecraft:wooden_shovel":36,"minecraft:oak_door":5,"minecraft:iron_chestplate":1,"minecraft:dirt":19,"minecraft:azure_bluet":2,"minecraft:wooden_axe":55,"minecraft:red_tulip":3,"minecraft:iron_axe":974,"minecraft:iron_helmet":1,"minecraft:iron_boots":1,"minecraft:furnace":2,"minecraft:egg":2,"minecraft:cooked_beef":3,"minecraft:pumpkin":6,"minecraft:iron_leggings":1,"minecraft:pink_tulip":2,"minecraft:stone_pickaxe":196,"minecraft:oak_planks":6,"minecraft:orange_tulip":8,"minecraft:crafting_table":17,"minecraft:oxeye_daisy":15,"minecraft:sunflower":23,"minecraft:iron_pickaxe":554,"minecraft:stone_axe":245,"minecraft:cobblestone":58,"minecraft:cooked_porkchop":7,"minecraft:golden_pickaxe":34}},"DataVersion":3465}