{"stats":{"minecraft:custom":{"minecraft:time_since_rest":3693,"minecraft:crouch_one_cm":385,"minecraft:play_time":28649,"minecraft:sprint_one_cm":35634,"minecraft:deaths":1,"minecraft:damage_taken":250,"minecraft:walk_one_cm":67364,"minecraft:sneak_time":44,"minecraft:drop":1,"minecraft:jump":103,"minecraft:damage_dealt":196,"minecraft:walk_on_water_one_cm":441,"minecraft:time_since_death":3608,"minecraft:total_world_time":28649,"minecraft:fly_one_cm":8244,"minecraft:fall_one_cm":2007},"minecraft:mined":{"minecraft:grass":6,"minecraft:red_tulip":2,"minecraft:grass_block":1,"minecraft:sunflower":22,"minecraft:tall_grass":2,"minecraft:oak_planks":4,"minecraft:pumpkin":4,"minecraft:orange_tulip":5,"minecraft:azure_bluet":2,"minecraft:oak_leaves":1,"minecraft:cornflower":1},"minecraft:killed_by":{"minecraft:zombie":1},"minecraft:dropped":{"minecraft:azure_bluet":1},"minecraft:used":{"minecraft:red_tulip":2,"minecraft:sunflower":19,"minecraft:oak_planks":4,"minecraft:orange_tulip":5,"minecraft:egg":2,"minecraft:pumpkin":4},"minecraft:picked_up":{"minecraft:azure_bluet":2,"minecraft:pumpkin":4,"minecraft:orange_tulip":5,"minecraft:wheat_seeds":1,"minecraft:red_tulip":2,"minecraft:oak_planks":4,"minecraft:cornflower":1,"minecraft:sunflower":20,"minecraft:egg":2}},"DataVersion":3465}