{"stats":{"minecraft:custom":{"minecraft:time_since_rest":5215,"minecraft:damage_taken":645,"minecraft:interact_with_furnace":3,"minecraft:sprint_one_cm":75832,"minecraft:walk_one_cm":163179,"minecraft:mob_kills":1,"minecraft:drop":1,"minecraft:damage_dealt":668,"minecraft:interact_with_crafting_table":4,"minecraft:fly_one_cm":34425,"minecraft:crouch_one_cm":700,"minecraft:play_time":64512,"minecraft:deaths":2,"minecraft:sneak_time":122,"minecraft:walk_under_water_one_cm":941,"minecraft:jump":298,"minecraft:leave_game":1,"minecraft:time_since_death":5167,"minecraft:walk_on_water_one_cm":2939,"minecraft:total_world_time":64512,"minecraft:fall_one_cm":8275},"minecraft:crafted":{"minecraft:oak_planks":20,"minecraft:crafting_table":1,"minecraft:wooden_axe":1,"minecraft:birch_planks":28},"minecraft:killed":{"minecraft:bee":1},"minecraft:mined":{"minecraft:birch_log":7,"minecraft:lilac":6,"minecraft:birch_leaves":2,"minecraft:dandelion":1,"minecraft:pumpkin":6,"minecraft:orange_tulip":18,"minecraft:bee_nest":2,"minecraft:peony":4,"minecraft:cornflower":1,"minecraft:azure_bluet":4,"minecraft:grass":18,"minecraft:red_tulip":9,"minecraft:grass_block":7,"minecraft:oak_log":5,"minecraft:poppy":1,"minecraft:rose_bush":8,"minecraft:sunflower":30,"minecraft:dirt":11,"minecraft:pink_tulip":5,"minecraft:tall_grass":2,"minecraft:white_tulip":3,"minecraft:oak_planks":4,"minecraft:oxeye_daisy":24,"minecraft:oak_leaves":19},"minecraft:killed_by":{"minecraft:zombie":1},"minecraft:dropped":{"minecraft:azure_bluet":1},"minecraft:used":{"minecraft:peony":2,"minecraft:wooden_axe":55,"minecraft:pink_tulip":2,"minecraft:rose_bush":2,"minecraft:oxeye_daisy":14,"minecraft:red_tulip":3,"minecraft:white_tulip":2,"minecraft:sunflower":23,"minecraft:oak_planks":4,"minecraft:orange_tulip":8,"minecraft:egg":2,"minecraft:azure_bluet":2,"minecraft:pumpkin":6},"minecraft:picked_up":{"minecraft:birch_log":7,"minecraft:stick":3,"minecraft:azure_bluet":5,"minecraft:lilac":4,"minecraft:pumpkin":6,"minecraft:dandelion":1,"minecraft:oak_log":5,"minecraft:cornflower":1,"minecraft:dirt":12,"minecraft:orange_tulip":18,"minecraft:wheat_seeds":2,"minecraft:peony":3,"minecraft:red_tulip":9,"minecraft:white_tulip":4,"minecraft:pink_tulip":5,"minecraft:rose_bush":6,"minecraft:poppy":1,"minecraft:oak_planks":4,"minecraft:oxeye_daisy":22,"minecraft:sunflower":28,"minecraft:egg":2}},"DataVersion":3465}