{"stats":{"minecraft:custom":{"minecraft:time_since_rest":27693,"minecraft:interact_with_furnace":3,"minecraft:sprint_one_cm":57627,"minecraft:damage_taken":360,"minecraft:walk_one_cm":119119,"minecraft:drop":1,"minecraft:damage_dealt":266,"minecraft:interact_with_crafting_table":4,"minecraft:fly_one_cm":19457,"minecraft:crouch_one_cm":476,"minecraft:play_time":52649,"minecraft:deaths":1,"minecraft:sneak_time":93,"minecraft:walk_under_water_one_cm":941,"minecraft:jump":204,"minecraft:time_since_death":27608,"minecraft:walk_on_water_one_cm":1451,"minecraft:total_world_time":52649,"minecraft:fall_one_cm":5327},"minecraft:crafted":{"minecraft:oak_planks":16,"minecraft:crafting_table":1,"minecraft:wooden_axe":1},"minecraft:mined":{"minecraft:birch_log":7,"minecraft:birch_leaves":2,"minecraft:pumpkin":6,"minecraft:orange_tulip":8,"minecraft:peony":3,"minecraft:cornflower":1,"minecraft:bee_nest":1,"minecraft:azure_bluet":3,"minecraft:grass":7,"minecraft:grass_block":7,"minecraft:red_tulip":3,"minecraft:oak_log":5,"minecraft:rose_bush":8,"minecraft:sunflower":23,"minecraft:dirt":11,"minecraft:tall_grass":2,"minecraft:pink_tulip":2,"minecraft:white_tulip":2,"minecraft:oak_planks":4,"minecraft:oxeye_daisy":15,"minecraft:oak_leaves":19},"minecraft:killed_by":{"minecraft:zombie":1},"minecraft:dropped":{"minecraft:azure_bluet":1},"minecraft:used":{"minecraft:peony":2,"minecraft:wooden_axe":7,"minecraft:rose_bush":2,"minecraft:pink_tulip":2,"minecraft:oxeye_daisy":14,"minecraft:red_tulip":3,"minecraft:white_tulip":2,"minecraft:sunflower":21,"minecraft:oak_planks":4,"minecraft:orange_tulip":7,"minecraft:egg":2,"minecraft:azure_bluet":2,"minecraft:pumpkin":6},"minecraft:picked_up":{"minecraft:birch_log":7,"minecraft:stick":3,"minecraft:azure_bluet":4,"minecraft:pumpkin":6,"minecraft:oak_log":5,"minecraft:cornflower":1,"minecraft:dirt":12,"minecraft:peony":2,"minecraft:wheat_seeds":1,"minecraft:orange_tulip":8,"minecraft:red_tulip":3,"minecraft:white_tulip":3,"minecraft:rose_bush":6,"minecraft:pink_tulip":2,"minecraft:oak_planks":4,"minecraft:egg":2,"minecraft:sunflower":21,"minecraft:oxeye_daisy":14}},"DataVersion":3465}