{"stats":{"minecraft:custom":{"minecraft:mob_kills":3,"minecraft:animals_bred":1,"minecraft:interact_with_crafting_table":17,"minecraft:leave_game":1,"minecraft:time_since_death":62182,"minecraft:climb_one_cm":2183,"minecraft:sprint_one_cm":128331,"minecraft:walk_one_cm":441693,"minecraft:drop":63,"minecraft:talked_to_villager":7,"minecraft:play_time":130512,"minecraft:deaths":3,"minecraft:sneak_time":221,"minecraft:walk_under_water_one_cm":4008,"minecraft:jump":671,"minecraft:interact_with_brewingstand":1,"minecraft:walk_on_water_one_cm":10203,"minecraft:total_world_time":130512,"minecraft:interact_with_furnace":10,"minecraft:interact_with_stonecutter":1,"minecraft:time_since_rest":62453,"minecraft:damage_taken":864,"minecraft:damage_dealt":1268,"minecraft:player_kills":1,"minecraft:swim_one_cm":4128,"minecraft:fly_one_cm":65423,"minecraft:crouch_one_cm":793,"minecraft:fall_one_cm":14903},"minecraft:broken":{"minecraft:iron_axe":2,"minecraft:stone_axe":1,"minecraft:iron_pickaxe":3,"minecraft:golden_pickaxe":1},"minecraft:crafted":{"minecraft:oak_planks":176,"minecraft:furnace":2,"minecraft:iron_axe":3,"minecraft:stone_pickaxe":14,"minecraft:wooden_shovel":1,"minecraft:cooked_porkchop":1,"minecraft:crafting_table":12,"minecraft:golden_pickaxe":1,"minecraft:birch_planks":28,"minecraft:stone_axe":17,"minecraft:air":0,"minecraft:stick":256,"minecraft:iron_ingot":6,"minecraft:iron_pickaxe":2,"minecraft:wooden_axe":1,"minecraft:gold_ingot":3},"minecraft:killed":{"minecraft:bee":1,"minecraft:zombie":1},"minecraft:mined":{"minecraft:mossy_cobblestone":44,"minecraft:oak_door":6,"minecraft:cobblestone_stairs":19,"minecraft:grass_block":23,"minecraft:oxeye_daisy":25,"minecraft:oak_trapdoor":2,"minecraft:pumpkin":6,"minecraft:peony":4,"minecraft:azure_bluet":4,"minecraft:red_tulip":12,"minecraft:cobblestone_slab":2,"minecraft:oak_stairs":392,"minecraft:stripped_oak_log":99,"minecraft:pink_tulip":8,"minecraft:white_tulip":7,"minecraft:glass_pane":14,"minecraft:dandelion":2,"minecraft:oak_fence":9,"minecraft:clay":4,"minecraft:crafting_table":3,"minecraft:cornflower":1,"minecraft:poppy":1,"minecraft:white_stained_glass_pane":7,"minecraft:rose_bush":8,"minecraft:tall_grass":2,"minecraft:cobblestone":511,"minecraft:oak_planks":451,"minecraft:wall_torch":5,"minecraft:white_terracotta":99,"minecraft:cobblestone_wall":2,"minecraft:birch_log":12,"minecraft:lilac":6,"minecraft:birch_leaves":2,"minecraft:orange_tulip":20,"minecraft:bee_nest":2,"minecraft:yellow_stained_glass_pane":8,"minecraft:grass":28,"minecraft:oak_log":72,"minecraft:sunflower":33,"minecraft:dirt":15,"minecraft:terracotta":2,"minecraft:oak_leaves":22},"minecraft:killed_by":{"minecraft:bee":1,"minecraft:zombie":1},"minecraft:dropped":{"minecraft:oak_log":2,"minecraft:orange_tulip":2,"minecraft:stick":2,"minecraft:oxeye_daisy":2,"minecraft:oak_stairs":116,"minecraft:sunflower":7,"minecraft:iron_axe":1,"minecraft:dandelion":1,"minecraft:pink_tulip":2,"minecraft:oak_door":4,"minecraft:white_tulip":8,"minecraft:stone_axe":13,"minecraft:cobblestone_wall":2,"minecraft:oak_planks":126,"minecraft:azure_bluet":1,"minecraft:white_terracotta":31,"minecraft:poppy":1,"minecraft:cobblestone_slab":2,"minecraft:oak_sapling":1,"minecraft:wooden_shovel":2,"minecraft:stone_pickaxe":10,"minecraft:red_tulip":4},"minecraft:used":{"minecraft:peony":2,"minecraft:rose_bush":2,"minecraft:white_tulip":3,"minecraft:wooden_shovel":36,"minecraft:iron_chestplate":1,"minecraft:dirt":19,"minecraft:azure_bluet":2,"minecraft:wooden_axe":55,"minecraft:red_tulip":3,"minecraft:iron_axe":904,"minecraft:iron_helmet":1,"minecraft:iron_boots":1,"minecraft:furnace":2,"minecraft:egg":2,"minecraft:pumpkin":6,"minecraft:iron_leggings":1,"minecraft:pink_tulip":2,"minecraft:stone_pickaxe":129,"minecraft:oak_planks":6,"minecraft:orange_tulip":8,"minecraft:crafting_table":16,"minecraft:oxeye_daisy":14,"minecraft:sunflower":23,"minecraft:iron_pickaxe":554,"minecraft:stone_axe":129,"minecraft:cooked_porkchop":2,"minecraft:golden_pickaxe":34},"minecraft:picked_up":{"minecraft:crafting_table":5,"minecraft:iron_chestplate":1,"minecraft:azure_bluet":5,"minecraft:ladder":10,"minecraft:wooden_pickaxe":1,"minecraft:oak_stairs":189,"minecraft:cornflower":1,"minecraft:iron_axe":2,"minecraft:iron_leggings":1,"minecraft:white_tulip":14,"minecraft:rose_bush":6,"minecraft:cobblestone_slab":2,"minecraft:wooden_shovel":1,"minecraft:poppy":1,"minecraft:iron_pickaxe":1,"minecraft:iron_boots":1,"minecraft:egg":2,"minecraft:stick":7,"minecraft:raw_iron":18,"minecraft:oak_door":9,"minecraft:torch":31,"minecraft:porkchop":1,"minecraft:rotten_flesh":3,"minecraft:peony":3,"minecraft:red_tulip":13,"minecraft:pink_tulip":7,"minecraft:white_terracotta":95,"minecraft:cobblestone":416,"minecraft:oxeye_daisy":23,"minecraft:stripped_oak_log":90,"minecraft:birch_log":12,"minecraft:lilac":4,"minecraft:cooked_beef":3,"minecraft:water_bucket":1,"minecraft:oak_log":17,"minecraft:cobblestone_wall":2,"minecraft:cobblestone_stairs":19,"minecraft:dirt":32,"minecraft:orange_tulip":21,"minecraft:wheat_seeds":2,"minecraft:raw_gold":3,"minecraft:iron_ingot":11,"minecraft:oak_planks":375,"minecraft:cooked_porkchop":4,"minecraft:pumpkin":6,"minecraft:dandelion":1,"minecraft:mossy_cobblestone":43,"minecraft:iron_helmet":1,"minecraft:oak_sapling":1,"minecraft:coal":70,"minecraft:sunflower":30}},"DataVersion":3465}