{"stats":{"minecraft:custom":{"minecraft:interact_with_furnace":19,"minecraft:mob_kills":14,"minecraft:interact_with_crafting_table":14,"minecraft:leave_game":1,"minecraft:time_since_death":67577,"minecraft:time_since_rest":67577,"minecraft:sprint_one_cm":23610,"minecraft:damage_taken":430,"minecraft:walk_one_cm":226375,"minecraft:drop":12,"minecraft:damage_dealt":2314,"minecraft:fly_one_cm":19486,"minecraft:crouch_one_cm":10687,"minecraft:play_time":67577,"minecraft:sneak_time":5033,"minecraft:walk_under_water_one_cm":1475,"minecraft:jump":639,"minecraft:walk_on_water_one_cm":3015,"minecraft:total_world_time":67577,"minecraft:fall_one_cm":11900},"minecraft:broken":{"minecraft:wooden_sword":1},"minecraft:crafted":{"minecraft:cooked_beef":7,"minecraft:wooden_sword":1,"minecraft:oak_planks":26,"minecraft:cooked_porkchop":6,"minecraft:crafting_table":2,"minecraft:iron_helmet":1,"minecraft:wooden_pickaxe":1,"minecraft:iron_sword":1,"minecraft:furnace":1,"minecraft:oak_wood":6,"minecraft:air":0,"minecraft:iron_boots":1,"minecraft:iron_chestplate":1,"minecraft:stick":20,"minecraft:iron_ingot":36,"minecraft:iron_pickaxe":1,"minecraft:stone_pickaxe":2,"minecraft:stone_sword":1,"minecraft:iron_leggings":1,"minecraft:torch":36},"minecraft:killed":{"minecraft:cave_spider":1,"minecraft:pig":2,"minecraft:skeleton":1,"minecraft:zombie":6,"minecraft:cow":4},"minecraft:mined":{"minecraft:torch":2,"minecraft:crafting_table":5,"minecraft:glow_lichen":1,"minecraft:granite":5,"minecraft:grass_block":2,"minecraft:copper_ore":1,"minecraft:cobblestone":1,"minecraft:diorite":1,"minecraft:furnace":4,"minecraft:iron_ore":20,"minecraft:grass":12,"minecraft:oak_log":9,"minecraft:coal_ore":30,"minecraft:deepslate_iron_ore":17,"minecraft:sunflower":5,"minecraft:gravel":2,"minecraft:dirt":1,"minecraft:stone":163,"minecraft:oak_leaves":1,"minecraft:deepslate":32},"minecraft:dropped":{"minecraft:iron_sword":1,"minecraft:wheat_seeds":1,"minecraft:oak_log":1,"minecraft:stone_sword":1,"minecraft:rotten_flesh":2,"minecraft:torch":1,"minecraft:oak_sapling":1,"minecraft:sunflower":4,"minecraft:wooden_pickaxe":2,"minecraft:stone_pickaxe":2},"minecraft:used":{"minecraft:stone_sword":32,"minecraft:stone_pickaxe":182,"minecraft:oak_planks":5,"minecraft:wooden_pickaxe":13,"minecraft:iron_sword":78,"minecraft:torch":45,"minecraft:dirt":3,"minecraft:crafting_table":6,"minecraft:granite":5,"minecraft:iron_pickaxe":86,"minecraft:wooden_sword":63,"minecraft:cobblestone":83,"minecraft:furnace":4,"minecraft:cooked_porkchop":3,"minecraft:cooked_beef":2,"minecraft:cobbled_deepslate":14},"minecraft:picked_up":{"minecraft:crafting_table":5,"minecraft:leather":5,"minecraft:wooden_pickaxe":1,"minecraft:oak_log":10,"minecraft:dirt":3,"minecraft:string":2,"minecraft:raw_copper":2,"minecraft:bone":2,"minecraft:wheat_seeds":1,"minecraft:cobbled_deepslate":31,"minecraft:iron_ingot":1,"minecraft:beef":7,"minecraft:iron_sword":1,"minecraft:furnace":4,"minecraft:stick":2,"minecraft:raw_iron":58,"minecraft:torch":5,"minecraft:porkchop":6,"minecraft:diorite":1,"minecraft:rotten_flesh":7,"minecraft:diamond":1,"minecraft:granite":5,"minecraft:oak_sapling":1,"minecraft:coal":49,"minecraft:cobblestone":150,"minecraft:sunflower":4}},"DataVersion":3465}