{"stats":{"minecraft:dropped":{"croptopia:flour":28,"minecraft:wooden_pickaxe":3},"minecraft:mined":{"minecraft:hay_block":10,"minecraft:brown_mushroom":1,"minecraft:iron_ore":44,"minecraft:crafting_table":2,"minecraft:grass":3,"minecraft:coal_ore":32,"minecraft:oak_log":8,"bewitchment:salt_ore":1,"minecraft:tall_grass":1,"minecraft:stone":38},"minecraft:custom":{"minecraft:time_since_rest":22563,"minecraft:interact_with_furnace":3,"lootr:looted_stat":4,"minecraft:sprint_one_cm":34144,"minecraft:damage_taken":432,"minecraft:walk_one_cm":147338,"minecraft:mob_kills":7,"minecraft:drop":18,"minecraft:damage_dealt":1493,"minecraft:swim_one_cm":1030,"minecraft:talked_to_villager":2,"minecraft:interact_with_crafting_table":11,"minecraft:fly_one_cm":79489,"minecraft:crouch_one_cm":586,"minecraft:play_time":34214,"minecraft:bell_ring":1,"minecraft:sneak_time":172,"minecraft:walk_under_water_one_cm":1595,"minecraft:damage_dealt_resisted":0,"minecraft:jump":528,"minecraft:leave_game":3,"minecraft:walk_on_water_one_cm":3851,"minecraft:time_since_death":34214,"minecraft:sleep_in_bed":1,"minecraft:total_world_time":34214,"minecraft:hex":0,"minecraft:fall_one_cm":13008},"minecraft:killed":{"minecraft:skeleton":1,"tinyskeletons:baby_skeleton":1,"minecraft:zombie":4,"minecraft:spider":1},"minecraft:crafted":{"minecraft:oak_planks":18,"minecraft:crafting_table":1,"minecraft:stick":22,"minecraft:iron_pickaxe":1,"minecraft:iron_ingot":4,"minecraft:wooden_pickaxe":1,"minecraft:stone_pickaxe":1,"croptopia:flour":14,"minecraft:stone_sword":1,"minecraft:furnace":1,"minecraft:torch":34,"minecraft:air":0,"minecraft:bread":17,"minecraft:wheat":73},"minecraft:picked_up":{"minecraft:raw_iron":44,"minecraft:crafting_table":2,"croptopia:flour":14,"minecraft:brown_mushroom":1,"minecraft:wooden_pickaxe":2,"minecraft:gravel":1,"bewitchment:salt":2,"minecraft:oak_log":8,"techreborn:sapphire_gem":1,"minecraft:string":1,"minecraft:arrow":3,"minecraft:bone":4,"minecraft:rotten_flesh":1,"minecraft:hay_block":10,"minecraft:iron_ingot":1,"minecraft:coal":31,"minecraft:cobblestone":38},"minecraft:used":{"minecraft:oak_log":3,"minecraft:stone_sword":46,"minecraft:bread":7,"minecraft:stone_pickaxe":92,"minecraft:wooden_pickaxe":24,"minecraft:torch":23,"minecraft:hay_block":1,"minecraft:crafting_table":3,"minecraft:furnace":1,"minecraft:golden_axe":5},"minecraft:broken":{"minecraft:stone_pickaxe":1}},"DataVersion":3465}