{"stats":{"minecraft:custom":{"minecraft:time_since_rest":7577,"minecraft:crouch_one_cm":93,"minecraft:sprint_one_cm":4707,"minecraft:play_time":7577,"minecraft:damage_taken":100,"minecraft:walk_one_cm":11378,"minecraft:sneak_time":31,"minecraft:mob_kills":1,"minecraft:drop":1,"minecraft:jump":21,"minecraft:damage_dealt":395,"minecraft:leave_game":1,"minecraft:time_since_death":7577,"minecraft:total_world_time":7577,"minecraft:interact_with_crafting_table":1,"minecraft:fall_one_cm":418,"minecraft:fly_one_cm":2739},"minecraft:crafted":{"minecraft:wooden_sword":1,"minecraft:oak_planks":14,"minecraft:oak_wood":3,"minecraft:crafting_table":1,"minecraft:stick":4,"minecraft:wooden_pickaxe":1},"minecraft:killed":{"minecraft:zombie":1},"minecraft:mined":{"minecraft:oak_log":5},"minecraft:dropped":{"minecraft:oak_log":1},"minecraft:used":{"minecraft:wooden_sword":34,"minecraft:crafting_table":1},"minecraft:picked_up":{"minecraft:stick":2,"minecraft:oak_log":6,"minecraft:oak_sapling":1}},"DataVersion":3465}