{"stats":{"minecraft:custom":{"minecraft:time_since_rest":19577,"minecraft:interact_with_furnace":4,"minecraft:sprint_one_cm":10357,"minecraft:damage_taken":195,"minecraft:walk_one_cm":55994,"minecraft:mob_kills":8,"minecraft:drop":3,"minecraft:damage_dealt":1000,"minecraft:interact_with_crafting_table":6,"minecraft:fly_one_cm":10958,"minecraft:crouch_one_cm":93,"minecraft:play_time":19577,"minecraft:sneak_time":395,"minecraft:jump":191,"minecraft:leave_game":1,"minecraft:time_since_death":19577,"minecraft:total_world_time":19577,"minecraft:fall_one_cm":3052},"minecraft:broken":{"minecraft:wooden_sword":1},"minecraft:crafted":{"minecraft:cooked_beef":3,"minecraft:wooden_sword":1,"minecraft:oak_planks":26,"minecraft:cooked_porkchop":3,"minecraft:crafting_table":2,"minecraft:stick":12,"minecraft:wooden_pickaxe":1,"minecraft:stone_pickaxe":1,"minecraft:stone_sword":1,"minecraft:furnace":1,"minecraft:oak_wood":6,"minecraft:torch":12},"minecraft:killed":{"minecraft:zombie":2,"minecraft:pig":2,"minecraft:cow":4},"minecraft:mined":{"minecraft:furnace":1,"minecraft:crafting_table":1,"minecraft:torch":1,"minecraft:grass":12,"minecraft:coal_ore":4,"minecraft:oak_log":9,"minecraft:sunflower":5,"minecraft:stone":70,"minecraft:oak_leaves":1},"minecraft:dropped":{"minecraft:oak_log":1,"minecraft:wooden_pickaxe":2},"minecraft:used":{"minecraft:stone_sword":32,"minecraft:stone_pickaxe":64,"minecraft:oak_planks":5,"minecraft:wooden_pickaxe":13,"minecraft:torch":3,"minecraft:wooden_sword":63,"minecraft:crafting_table":2,"minecraft:furnace":1,"minecraft:cooked_beef":1},"minecraft:picked_up":{"minecraft:stick":2,"minecraft:crafting_table":1,"minecraft:leather":5,"minecraft:torch":1,"minecraft:wooden_pickaxe":1,"minecraft:porkchop":6,"minecraft:oak_log":10,"minecraft:rotten_flesh":2,"minecraft:wheat_seeds":1,"minecraft:beef":7,"minecraft:oak_sapling":1,"minecraft:coal":4,"minecraft:furnace":1,"minecraft:cobblestone":63,"minecraft:sunflower":4}},"DataVersion":3465}