{"stats":{"minecraft:dropped":{"minecraft:iron_sword":2,"minecraft:oak_log":7,"croptopia:flour":28,"minecraft:dirt":103,"beachparty:rubber_ring_pelican":1,"minecraft:sand":2,"fishofthieves:grubs":2,"minecraft:bone":4,"minecraft:gravel":1,"mutantmonsters:hulk_hammer":1,"minecraft:cobbled_deepslate":22,"minecraft:wheat":1,"minecraft:rotten_flesh":1,"minecraft:oak_planks":12,"minecraft:acacia_sapling":4,"minecraft:arrow":9,"minecraft:iron_ingot":68,"minecraft:bread":3,"minecraft:wheat_seeds":7,"minecraft:oak_fence":7,"minecraft:iron_helmet":1,"minecraft:cobblestone":9,"minecraft:apple":47,"minecraft:diorite":2,"bewitchment:garlic":2,"minecraft:string":5,"minecraft:bucket":1,"minecraft:dandelion":2,"botania:purple_mushroom":1,"minecraft:stone_sword":1,"botania:blue_mushroom":2,"minecraft:tuff":1,"minecraft:raw_iron":14,"minecraft:villager_spawn_egg":2,"minecraft:name_tag":21,"travelersbackpack:emerald":1,"minecraft:filled_map":1,"minecraft:shield":1,"bewitchment:mandrake_seeds":2,"minecraft:oak_button":6,"fishofthieves:earthworms":34,"minecraft:andesite":2,"minecraft:yellow_bed":1,"minecraft:spider_eye":1,"minecraft:wooden_pickaxe":3,"mutantmonsters:mutant_skeleton_rib":1},"minecraft:custom":{"lootr:looted_stat":50,"minecraft:interact_with_crafting_table":50,"minecraft:open_barrel":1,"minecraft:bell_ring":2,"minecraft:leave_game":7,"minecraft:time_since_death":43847,"minecraft:damage_resisted":109,"minecraft:sprint_one_cm":430343,"minecraft:damage_blocked_by_shield":2402,"minecraft:drop":84,"minecraft:talked_to_villager":3,"minecraft:play_time":415694,"minecraft:deaths":5,"minecraft:jump":3720,"minecraft:walk_on_water_one_cm":73512,"minecraft:interact_with_furnace":12,"minecraft:interact_with_cartography_table":1,"minecraft:sleep_in_bed":6,"minecraft:damage_dealt":16062,"minecraft:crouch_one_cm":20220,"minecraft:interact_with_smoker":1,"minecraft:mob_kills":71,"minecraft:interact_with_anvil":2,"minecraft:damage_dealt_resisted":0,"minecraft:climb_one_cm":4648,"minecraft:walk_one_cm":1291538,"minecraft:sneak_time":8664,"minecraft:walk_under_water_one_cm":28460,"minecraft:boat_one_cm":1825,"minecraft:interact_with_blast_furnace":3,"minecraft:total_world_time":415694,"minecraft:hex":0,"minecraft:time_since_rest":16104,"minecraft:damage_taken":4929,"minecraft:damage_absorbed":161,"minecraft:swim_one_cm":44342,"minecraft:fly_one_cm":381488,"minecraft:open_chest":76,"minecraft:fall_one_cm":81449},"minecraft:mined":{"minecraft:dark_oak_planks":1,"minecraft:grass_block":218,"minecraft:coal_block":2,"minecraft:hopper":1,"minecraft:oak_wall_sign":8,"minecraft:iron_ore":64,"minecraft:dark_oak_stairs":2,"minecraft:oak_sign":1,"minecraft:dirt_path":130,"minecraft:oak_stairs":39,"minecraft:deepslate_brick_stairs":1,"minecraft:brown_mushroom":1,"minecraft:torch":8,"minecraft:chest":1,"minecraft:cobblestone":33,"minecraft:white_candle":2,"minecraft:oak_planks":16,"minecraft:wall_torch":2,"minecraft:grass":22,"minecraft:oak_log":23,"minecraft:oak_fence_gate":2,"minecraft:sand":64,"minecraft:dirt":147,"techreborn:insulated_copper_cable":1,"minecraft:oak_leaves":4,"minecraft:deepslate":63,"minecraft:tuff":2,"minecraft:mossy_cobblestone":1,"minecraft:deepslate_diamond_ore":2,"minecraft:candle":1,"minecraft:spruce_fence":2,"minecraft:hay_block":15,"minecraft:furnace":1,"minecraft:andesite":2,"treechop:chopped_log":5,"indrev:deepslate_nikolite_ore":2,"minecraft:deepslate_iron_ore":3,"bewitchment:salt_ore":1,"regions_unexplored:medium_grass":3,"minecraft:stone":137,"regions_unexplored:redwood_log":5,"ad_astra:sky_stone":4,"regions_unexplored:windswept_grass":3,"minecraft:podzol":5,"minecraft:oak_slab":19,"minecraft:soul_sand":9,"minecraft:oak_fence":15,"minecraft:crafting_table":5,"minecraft:cornflower":2,"minecraft:tall_grass":3,"minecraft:copper_ore":2,"minecraft:deepslate_gold_ore":8,"minecraft:diorite":2,"supplementaries:urn":2,"minecraft:coarse_dirt":2,"minecraft:yellow_bed":8,"minecraft:coal_ore":34,"minecraft:gravel":1,"betternether:nether_cactus":1,"minecraft:acacia_planks":4,"minecraft:fern":1},"minecraft:killed":{"minecraft:cave_spider":1,"minecraft:spider":3,"naturalist:boar":1,"minecraft:skeleton":11,"minecraft:chicken":1,"minecraft:piglin":1,"minecraft:pig":1,"minecraft:zombie_villager":1,"minecraft:iron_golem":5,"minecraft:creeper":1,"minecraft:pillager":4,"tinyskeletons:baby_skeleton":1,"minecraft:zombie":16,"minecraft:cow":1,"bewitchment:ghost":1,"minecraft:drowned":4,"graveyard:ghoul":2,"mutantmonsters:mutant_enderman":1,"mutantmonsters:creeper_minion":3,"minecraft:villager":8,"minecraft:enderman":1},"minecraft:crafted":{"minecraft:oak_planks":158,"minecraft:iron_boots":2,"croptopia:flour":14,"minecraft:chest":3,"techreborn:rubber_fence":9,"minecraft:oak_fence":71,"minecraft:crafting_table":3,"minecraft:wooden_pickaxe":1,"minecraft:iron_helmet":2,"minecraft:iron_chestplate":2,"minecraft:shield":1,"minecraft:stick":144,"minecraft:iron_ingot":24,"minecraft:iron_pickaxe":2,"minecraft:stone_sword":1,"techreborn:rubber_planks":24,"minecraft:furnace":1,"minecraft:iron_axe":1,"minecraft:stone_pickaxe":1,"mcdw:glaive_glaive":1,"minecraft:wheat":235,"paladins:diamond_great_hammer":1,"minecraft:iron_sword":1,"minecraft:air":0,"minecraft:bread":71,"minecraft:oak_fence_gate":9,"regions_unexplored:redwood_planks":6,"minecraft:iron_shovel":3,"minecraft:iron_leggings":2,"minecraft:acacia_planks":32,"minecraft:torch":86},"minecraft:picked_up":{"minecraft:wheat":3,"minecraft:anvil":1,"botania:blue_mushroom":3,"minecraft:oak_stairs":33,"travelersbackpack:emerald":2,"minecraft:string":6,"minecraft:raw_copper":6,"minecraft:oak_sign":17,"minecraft:gold_nugget":3,"minecraft:cobbled_deepslate":81,"minecraft:bucket":1,"techreborn:rubber_log":7,"minecraft:coal_block":2,"regions_unexplored:redwood_log":2,"minecraft:iron_boots":1,"minecraft:furnace":1,"minecraft:oak_fence":8,"minecraft:torch":47,"minecraft:acacia_log":8,"minecraft:porkchop":4,"minecraft:villager_spawn_egg":2,"minecraft:diorite":2,"indrev:lead_shovel":1,"mutantmonsters:hulk_hammer":1,"minecraft:rotten_flesh":20,"minecraft:deepslate_brick_stairs":1,"minecraft:snowball":8,"minecraft:cobblestone":231,"minecraft:andesite":2,"croptopia:flour":14,"minecraft:tuff":1,"minecraft:dirt":560,"minecraft:name_tag":21,"minecraft:bone":10,"minecraft:acacia_planks":4,"minecraft:wheat_seeds":18,"minecraft:raw_gold":7,"fishofthieves:earthworms":59,"minecraft:oak_planks":24,"minecraft:sand":59,"minecraft:grass_block":1,"techreborn:sapphire_gem":1,"minecraft:barrel":3,"minecraft:white_candle":2,"minecraft:diamond":3,"minecraft:emerald":1,"minecraft:bread":4,"minecraft:coarse_dirt":4,"modern_industrialization:lignite_coal":3,"minecraft:crafting_table":5,"artifacts:night_vision_goggles":1,"minecraft:brown_mushroom":1,"minecraft:wooden_pickaxe":2,"promenade:blunite":3,"ad_astra:sky_stone":4,"minecraft:shield":1,"minecraft:cornflower":1,"minecraft:candle":3,"minecraft:beef":2,"minecraft:oak_boat":2,"minecraft:poppy":4,"minecraft:chest":1,"minecraft:raw_iron":91,"minecraft:spruce_fence":1,"botania:purple_mushroom":1,"minecraft:carrot":2,"minecraft:redstone":19,"minecraft:dark_oak_planks":1,"bewitchment:garlic":2,"minecraft:arrow":27,"minecraft:hay_block":15,"mutantmonsters:mutant_skeleton_rib":2,"minecraft:leather":2,"fishofthieves:grubs":2,"minecraft:oak_log":22,"minecraft:yellow_bed":9,"minecraft:gunpowder":4,"bewitchment:aconite_seeds":1,"betternether:nether_cactus":3,"bewitchment:mandrake_seeds":2,"minecraft:iron_ingot":29,"minecraft:acacia_sapling":4,"minecraft:iron_sword":2,"minecraft:soul_sand":9,"minecraft:dark_oak_stairs":2,"minecraft:oak_slab":27,"minecraft:sweet_berries":1,"minecraft:dandelion":2,"minecraft:gravel":1,"techreborn:insulated_copper_cable":1,"bewitchment:belladonna_seeds":1,"bewitchment:salt":2,"minecraft:spider_eye":1,"minecraft:oak_button":15,"minecraft:coal":40,"minecraft:hopper":2,"minecraft:ender_pearl":1},"minecraft:killed_by":{"mutantmonsters:mutant_creeper":1,"minecraft:zombie":1,"minecraft:iron_golem":3},"minecraft:used":{"minecraft:iron_shovel":593,"minecraft:poppy":14,"minecraft:oak_sign":14,"minecraft:chest":4,"minecraft:shield":66,"minecraft:iron_sword":309,"minecraft:zombie_spawn_egg":8,"mutantmonsters:mutant_skeleton_spawn_egg":1,"indrev:lead_shovel":186,"minecraft:iron_chestplate":1,"techreborn:insulated_copper_cable":1,"minecraft:carrot":1,"travelersbackpack:emerald":6,"minecraft:snowball":8,"mutantmonsters:mutant_creeper_spawn_egg":1,"techreborn:rubber_planks":2,"minecraft:lava_bucket":2,"minecraft:villager_spawn_egg":21,"minecraft:grass_block":1,"mutantmonsters:mutant_enderman_spawn_egg":1,"minecraft:iron_helmet":1,"minecraft:hay_block":1,"minecraft:furnace":2,"simplyswords:waxweaver":32,"betterend:spawn_egg_cubozoa":1,"minecraft:stone_pickaxe":92,"minecraft:oak_planks":7,"the_bumblezone:stinger_spear":42,"minecraft:wooden_pickaxe":24,"ae2:fluix_sword":16,"ae2:certus_quartz_hoe":9,"minecraft:deepslate_brick_stairs":1,"minecraft:bread":66,"techreborn:rubber_log":1,"minecraft:string":1,"the_bumblezone:variant_bee_spawn_egg":3,"mutantmonsters:mutant_snow_golem_spawn_egg":1,"minecraft:coal_block":2,"promenade:blunite":1,"techreborn:rubber_fence":9,"minecraft:oak_boat":5,"minecraft:coarse_dirt":116,"minecraft:oak_trapdoor":4,"minecraft:oak_fence":84,"minecraft:stone_sword":46,"minecraft:flint_and_steel":4,"mcdw:glaive_glaive":31,"minecraft:torch":223,"minecraft:dirt":613,"minecraft:anvil":3,"minecraft:hopper":2,"minecraft:golden_shovel":4,"minecraft:spruce_fence":1,"minecraft:granite":17,"minecraft:oak_fence_gate":11,"minecraft:iron_axe":119,"minecraft:oak_stairs":1,"minecells:leaping_zombie_spawn_egg":1,"minecraft:barrel":3,"minecraft:acacia_planks":30,"minecraft:cobbled_deepslate":55,"minecraft:enchanted_golden_apple":1,"minecraft:golden_axe":25,"minecraft:iron_leggings":1,"minecraft:water_bucket":12,"minecraft:cobblestone_slab":7,"betterend:spawn_egg_shadow_walker":1,"minecraft:oak_slab":3,"minecraft:crafting_table":7,"minecells:mutated_bat_spawn_egg":1,"minecraft:oak_log":3,"minecraft:diamond_pickaxe":1,"minecraft:apple":19,"minecraft:oak_button":6,"minecraft:iron_pickaxe":266,"ad_astra:sky_stone":1,"mutantmonsters:mutant_zombie_spawn_egg":2,"minecraft:cobblestone":229,"minecraft:bucket":12,"minecraft:yellow_bed":16,"beachparty:rubber_ring_pelican":2},"minecraft:broken":{"minecraft:golden_helmet":1,"minecraft:iron_shovel":2,"minecraft:iron_boots":1,"minecraft:iron_leggings":1,"minecraft:stone_pickaxe":1,"beachparty:rubber_ring_pelican":1,"minecraft:golden_axe":1}},"DataVersion":3465}