{"stats":{"minecraft:dropped":{"minecraft:bread":3,"minecraft:iron_sword":1,"croptopia:flour":28,"minecraft:apple":47,"minecraft:diorite":2,"beachparty:rubber_ring_pelican":1,"minecraft:string":1,"minecraft:gravel":1,"minecraft:stone_sword":1,"minecraft:cobbled_deepslate":1,"minecraft:tuff":1,"minecraft:rotten_flesh":1,"minecraft:filled_map":1,"minecraft:andesite":2,"minecraft:acacia_sapling":4,"minecraft:spider_eye":1,"minecraft:arrow":4,"minecraft:wooden_pickaxe":3},"minecraft:custom":{"lootr:looted_stat":48,"minecraft:mob_kills":25,"minecraft:interact_with_crafting_table":31,"minecraft:bell_ring":2,"minecraft:damage_dealt_resisted":0,"minecraft:leave_game":5,"minecraft:time_since_death":124316,"minecraft:climb_one_cm":4560,"minecraft:damage_resisted":0,"minecraft:sprint_one_cm":194066,"minecraft:walk_one_cm":485654,"minecraft:damage_blocked_by_shield":10,"minecraft:drop":36,"minecraft:talked_to_villager":2,"minecraft:play_time":124316,"minecraft:sneak_time":2092,"minecraft:walk_under_water_one_cm":3383,"minecraft:jump":1794,"minecraft:walk_on_water_one_cm":32732,"minecraft:total_world_time":124316,"minecraft:interact_with_furnace":12,"minecraft:interact_with_cartography_table":1,"minecraft:sleep_in_bed":3,"minecraft:hex":0,"minecraft:time_since_rest":1795,"minecraft:damage_taken":1079,"minecraft:damage_dealt":4666,"minecraft:swim_one_cm":23758,"minecraft:fly_one_cm":198853,"minecraft:open_chest":1,"minecraft:crouch_one_cm":3595,"minecraft:fall_one_cm":40611},"minecraft:mined":{"minecraft:dark_oak_planks":1,"minecraft:tuff":2,"minecraft:mossy_cobblestone":1,"minecraft:deepslate_diamond_ore":1,"minecraft:grass_block":1,"minecraft:spruce_fence":2,"minecraft:coal_block":2,"minecraft:hay_block":11,"minecraft:furnace":1,"minecraft:iron_ore":64,"minecraft:andesite":2,"treechop:chopped_log":4,"minecraft:dark_oak_stairs":2,"minecraft:deepslate_iron_ore":3,"bewitchment:salt_ore":1,"minecraft:oak_stairs":31,"minecraft:deepslate_brick_stairs":1,"regions_unexplored:medium_grass":1,"regions_unexplored:redwood_log":5,"minecraft:stone":109,"ad_astra:sky_stone":4,"minecraft:podzol":5,"minecraft:brown_mushroom":1,"minecraft:crafting_table":5,"minecraft:torch":1,"minecraft:tall_grass":1,"minecraft:copper_ore":2,"minecraft:white_candle":1,"minecraft:deepslate_gold_ore":8,"minecraft:oak_planks":3,"minecraft:diorite":2,"minecraft:wall_torch":1,"minecraft:yellow_bed":1,"minecraft:grass":4,"minecraft:coal_ore":34,"minecraft:oak_log":11,"minecraft:dirt":3,"minecraft:acacia_planks":4,"minecraft:deepslate":63,"minecraft:fern":1},"minecraft:killed":{"minecraft:cave_spider":1,"minecraft:spider":1,"naturalist:boar":1,"minecraft:skeleton":5,"minecraft:pig":1,"graveyard:ghoul":2,"minecraft:zombie_villager":1,"minecraft:pillager":4,"tinyskeletons:baby_skeleton":1,"minecraft:zombie":7,"minecraft:cow":1},"minecraft:crafted":{"minecraft:oak_planks":30,"minecraft:furnace":1,"minecraft:iron_boots":1,"minecraft:iron_axe":1,"minecraft:stone_pickaxe":1,"croptopia:flour":14,"mcdw:glaive_glaive":1,"minecraft:wheat":73,"minecraft:crafting_table":1,"minecraft:wooden_pickaxe":1,"minecraft:iron_sword":1,"minecraft:air":0,"minecraft:bread":17,"regions_unexplored:redwood_planks":6,"minecraft:iron_chestplate":1,"minecraft:shield":1,"minecraft:stick":38,"minecraft:iron_ingot":24,"minecraft:iron_pickaxe":1,"minecraft:stone_sword":1,"minecraft:acacia_planks":32,"minecraft:torch":34},"minecraft:picked_up":{"minecraft:crafting_table":5,"modern_industrialization:lignite_coal":3,"minecraft:brown_mushroom":1,"minecraft:wooden_pickaxe":2,"minecraft:oak_stairs":27,"ad_astra:sky_stone":4,"minecraft:string":1,"minecraft:raw_copper":6,"minecraft:cobbled_deepslate":60,"minecraft:beef":2,"minecraft:coal_block":2,"regions_unexplored:redwood_log":2,"minecraft:furnace":1,"minecraft:raw_iron":91,"minecraft:torch":2,"minecraft:acacia_log":8,"minecraft:spruce_fence":1,"minecraft:porkchop":4,"minecraft:diorite":2,"minecraft:dark_oak_planks":1,"minecraft:rotten_flesh":2,"minecraft:arrow":9,"minecraft:hay_block":10,"minecraft:deepslate_brick_stairs":1,"minecraft:cobblestone":169,"minecraft:andesite":2,"minecraft:leather":2,"croptopia:flour":14,"minecraft:tuff":1,"minecraft:oak_log":11,"minecraft:yellow_bed":1,"minecraft:dirt":7,"minecraft:bone":6,"minecraft:acacia_planks":4,"minecraft:wheat_seeds":1,"minecraft:raw_gold":7,"minecraft:iron_ingot":1,"minecraft:oak_planks":13,"minecraft:acacia_sapling":4,"minecraft:iron_sword":1,"minecraft:dark_oak_stairs":2,"minecraft:gravel":1,"bewitchment:salt":2,"techreborn:sapphire_gem":1,"minecraft:spider_eye":1,"minecraft:diamond":1,"minecraft:bread":3,"minecraft:coal":40},"minecraft:used":{"minecraft:stone_sword":46,"minecraft:flint_and_steel":4,"mcdw:glaive_glaive":31,"minecraft:shield":1,"minecraft:iron_sword":14,"minecraft:iron_chestplate":1,"minecraft:torch":38,"minecraft:dirt":7,"minecraft:golden_shovel":4,"minecraft:spruce_fence":1,"minecraft:iron_axe":36,"minecraft:hay_block":1,"minecraft:furnace":2,"simplyswords:waxweaver":31,"minecraft:cobbled_deepslate":55,"minecraft:acacia_planks":30,"minecraft:golden_axe":25,"minecraft:stone_pickaxe":92,"minecraft:wooden_pickaxe":24,"minecraft:crafting_table":6,"minecraft:deepslate_brick_stairs":1,"minecraft:oak_log":3,"minecraft:apple":19,"minecraft:bread":16,"minecraft:iron_pickaxe":189,"ad_astra:sky_stone":1,"minecraft:coal_block":2,"minecraft:cobblestone":116,"minecraft:yellow_bed":1,"beachparty:rubber_ring_pelican":2},"minecraft:broken":{"minecraft:golden_helmet":1,"minecraft:stone_pickaxe":1,"minecraft:golden_axe":1}},"DataVersion":3465}