{"stats":{"minecraft:mined":{"minecraft:tall_grass":1,"minecraft:grass":3,"minecraft:oak_log":8,"minecraft:hay_block":9},"minecraft:custom":{"minecraft:jump":310,"minecraft:time_since_rest":10214,"minecraft:damage_taken":170,"minecraft:leave_game":3,"minecraft:crouch_one_cm":221,"minecraft:play_time":10214,"minecraft:sprint_one_cm":21394,"minecraft:time_since_death":10214,"minecraft:walk_one_cm":44323,"minecraft:bell_ring":1,"minecraft:sneak_time":27,"minecraft:total_world_time":10214,"minecraft:hex":0,"lootr:looted_stat":1,"minecraft:fall_one_cm":8631,"minecraft:fly_one_cm":70381},"minecraft:picked_up":{"minecraft:oak_log":8,"minecraft:string":1,"minecraft:hay_block":9},"minecraft:used":{"minecraft:oak_log":3}},"DataVersion":3465}