{"stats":{"minecraft:custom":{"minecraft:interact_with_furnace":8,"minecraft:mob_kills":10,"minecraft:interact_with_crafting_table":9,"minecraft:leave_game":1,"minecraft:time_since_death":43577,"minecraft:time_since_rest":43577,"minecraft:sprint_one_cm":16199,"minecraft:damage_taken":285,"minecraft:walk_one_cm":156772,"minecraft:drop":11,"minecraft:damage_dealt":1308,"minecraft:fly_one_cm":12302,"minecraft:crouch_one_cm":7763,"minecraft:play_time":43577,"minecraft:sneak_time":3338,"minecraft:jump":334,"minecraft:walk_on_water_one_cm":1614,"minecraft:total_world_time":43577,"minecraft:fall_one_cm":5090},"minecraft:broken":{"minecraft:wooden_sword":1},"minecraft:crafted":{"minecraft:cooked_beef":7,"minecraft:wooden_sword":1,"minecraft:oak_planks":26,"minecraft:cooked_porkchop":6,"minecraft:crafting_table":2,"minecraft:wooden_pickaxe":1,"minecraft:iron_sword":1,"minecraft:furnace":1,"minecraft:oak_wood":6,"minecraft:stick":20,"minecraft:iron_ingot":4,"minecraft:stone_pickaxe":2,"minecraft:stone_sword":1,"minecraft:torch":36},"minecraft:killed":{"minecraft:cave_spider":1,"minecraft:pig":2,"minecraft:zombie":3,"minecraft:cow":4},"minecraft:mined":{"minecraft:torch":2,"minecraft:crafting_table":2,"minecraft:glow_lichen":1,"minecraft:grass_block":2,"minecraft:copper_ore":1,"minecraft:diorite":1,"minecraft:furnace":2,"minecraft:iron_ore":9,"minecraft:grass":12,"minecraft:oak_log":9,"minecraft:coal_ore":30,"minecraft:sunflower":5,"minecraft:gravel":2,"minecraft:dirt":1,"minecraft:stone":104,"minecraft:oak_leaves":1},"minecraft:dropped":{"minecraft:iron_sword":1,"minecraft:wheat_seeds":1,"minecraft:oak_log":1,"minecraft:stone_sword":1,"minecraft:rotten_flesh":2,"minecraft:torch":1,"minecraft:oak_sapling":1,"minecraft:sunflower":4,"minecraft:wooden_pickaxe":2,"minecraft:stone_pickaxe":1},"minecraft:used":{"minecraft:stone_sword":32,"minecraft:stone_pickaxe":140,"minecraft:oak_planks":5,"minecraft:wooden_pickaxe":13,"minecraft:iron_sword":22,"minecraft:torch":27,"minecraft:dirt":3,"minecraft:crafting_table":3,"minecraft:wooden_sword":63,"minecraft:cobblestone":32,"minecraft:furnace":2,"minecraft:cooked_porkchop":2,"minecraft:cooked_beef":1},"minecraft:picked_up":{"minecraft:crafting_table":2,"minecraft:leather":5,"minecraft:wooden_pickaxe":1,"minecraft:oak_log":10,"minecraft:dirt":3,"minecraft:string":2,"minecraft:raw_copper":2,"minecraft:wheat_seeds":1,"minecraft:beef":7,"minecraft:iron_sword":1,"minecraft:furnace":2,"minecraft:stick":2,"minecraft:raw_iron":9,"minecraft:torch":3,"minecraft:porkchop":6,"minecraft:diorite":1,"minecraft:rotten_flesh":4,"minecraft:oak_sapling":1,"minecraft:coal":30,"minecraft:cobblestone":90,"minecraft:sunflower":4}},"DataVersion":3465}