{"stats":{"minecraft:dropped":{"croptopia:flour":28,"minecraft:wooden_pickaxe":3},"minecraft:mined":{"minecraft:hay_block":10,"minecraft:brown_mushroom":1,"minecraft:iron_ore":5,"minecraft:crafting_table":2,"minecraft:grass":3,"minecraft:coal_ore":7,"minecraft:oak_log":8,"minecraft:tall_grass":1,"minecraft:stone":27},"minecraft:custom":{"minecraft:time_since_rest":10563,"lootr:looted_stat":4,"minecraft:sprint_one_cm":26207,"minecraft:damage_taken":200,"minecraft:walk_one_cm":78038,"minecraft:mob_kills":1,"minecraft:drop":18,"minecraft:damage_dealt":199,"minecraft:swim_one_cm":1030,"minecraft:talked_to_villager":2,"minecraft:interact_with_crafting_table":7,"minecraft:fly_one_cm":73145,"minecraft:crouch_one_cm":586,"minecraft:play_time":22214,"minecraft:bell_ring":1,"minecraft:sneak_time":172,"minecraft:walk_under_water_one_cm":1081,"minecraft:jump":372,"minecraft:leave_game":3,"minecraft:walk_on_water_one_cm":3585,"minecraft:time_since_death":22214,"minecraft:sleep_in_bed":1,"minecraft:total_world_time":22214,"minecraft:hex":0,"minecraft:fall_one_cm":10287},"minecraft:killed":{"minecraft:zombie":1},"minecraft:crafted":{"minecraft:oak_planks":18,"minecraft:crafting_table":1,"minecraft:stick":22,"minecraft:wooden_pickaxe":1,"minecraft:stone_pickaxe":1,"croptopia:flour":14,"minecraft:stone_sword":1,"minecraft:furnace":1,"minecraft:bread":17,"minecraft:wheat":73},"minecraft:picked_up":{"minecraft:raw_iron":5,"minecraft:crafting_table":2,"croptopia:flour":14,"minecraft:brown_mushroom":1,"minecraft:wooden_pickaxe":2,"minecraft:oak_log":8,"minecraft:string":1,"minecraft:hay_block":10,"minecraft:coal":4,"minecraft:cobblestone":27},"minecraft:used":{"minecraft:oak_log":3,"minecraft:stone_sword":9,"minecraft:bread":3,"minecraft:stone_pickaxe":16,"minecraft:wooden_pickaxe":24,"minecraft:hay_block":1,"minecraft:crafting_table":2}},"DataVersion":3465}