{"stats":{"minecraft:broken":{"minecraft:wooden_sword":1},"minecraft:killed":{"minecraft:cave_spider":1,"minecraft:pig":2,"minecraft:spider":2,"minecraft:skeleton":4,"minecraft:zombie":9,"minecraft:cow":13},"minecraft:crafted":{"minecraft:cooked_beef":7,"minecraft:wooden_sword":1,"minecraft:oak_planks":32,"minecraft:cooked_porkchop":6,"minecraft:crafting_table":2,"minecraft:wooden_pickaxe":1,"minecraft:iron_helmet":1,"minecraft:iron_sword":1,"minecraft:furnace":1,"minecraft:stone":5,"minecraft:bucket":1,"minecraft:oak_wood":6,"minecraft:heavy_weighted_pressure_plate":1,"minecraft:air":0,"minecraft:oak_boat":1,"minecraft:iron_boots":1,"minecraft:iron_chestplate":1,"minecraft:stick":20,"minecraft:iron_ingot":46,"minecraft:iron_pickaxe":1,"minecraft:stone_pickaxe":2,"minecraft:stone_sword":1,"minecraft:iron_leggings":1,"minecraft:torch":36},"minecraft:mined":{"minecraft:torch":2,"minecraft:crafting_table":7,"minecraft:glow_lichen":1,"minecraft:granite":5,"minecraft:grass_block":3,"minecraft:crimson_roots":3,"minecraft:tall_grass":5,"minecraft:copper_ore":1,"minecraft:cobblestone":2,"minecraft:oak_planks":3,"minecraft:diorite":1,"minecraft:weeping_vines_plant":1,"minecraft:furnace":4,"minecraft:fire":2,"minecraft:iron_ore":30,"minecraft:grass":22,"minecraft:oak_log":11,"minecraft:coal_ore":42,"minecraft:deepslate_iron_ore":17,"minecraft:sunflower":5,"minecraft:gravel":2,"minecraft:dirt":6,"minecraft:stone":231,"minecraft:oak_leaves":1,"minecraft:deepslate":32},"minecraft:dropped":{"minecraft:iron_sword":1,"minecraft:wheat_seeds":6,"minecraft:oak_log":1,"minecraft:cobbled_deepslate":3,"minecraft:stone_sword":1,"minecraft:raw_copper":2,"minecraft:rotten_flesh":9,"minecraft:cobblestone":61,"minecraft:torch":1,"minecraft:oak_sapling":1,"minecraft:sunflower":4,"minecraft:wooden_pickaxe":2,"minecraft:stone_pickaxe":2},"minecraft:used":{"minecraft:water_bucket":2,"minecraft:stone_sword":32,"minecraft:oak_planks":10,"minecraft:stone_pickaxe":182,"minecraft:wooden_pickaxe":13,"minecraft:iron_sword":156,"minecraft:torch":46,"minecraft:dirt":4,"minecraft:crafting_table":8,"minecraft:granite":5,"minecraft:apple":3,"minecraft:bread":4,"minecraft:iron_pickaxe":178,"minecraft:iron_boots":1,"minecraft:stone_axe":36,"securitycraft:mine":1,"minecraft:wooden_sword":63,"minecraft:cobblestone":137,"minecraft:furnace":4,"minecraft:cooked_porkchop":4,"minecraft:bucket":3,"minecraft:oak_boat":1,"minecraft:cooked_beef":6,"minecraft:potato":9,"minecraft:cobbled_deepslate":28,"minecraft:iron_leggings":1},"minecraft:picked_up":{"minecraft:crafting_table":7,"minecraft:leather":18,"minecraft:wooden_pickaxe":1,"minecraft:potato":13,"securitycraft:sc_manual":1,"minecraft:oak_log":12,"minecraft:dirt":10,"minecraft:string":7,"minecraft:raw_copper":2,"minecraft:bone":4,"minecraft:wheat_seeds":10,"minecraft:cobbled_deepslate":31,"minecraft:iron_ingot":1,"minecraft:beef":26,"minecraft:iron_pickaxe":1,"minecraft:iron_sword":1,"minecraft:oak_planks":3,"minecraft:furnace":4,"minecraft:iron_boots":1,"minecraft:egg":2,"minecraft:stick":2,"minecraft:raw_iron":78,"minecraft:cooked_porkchop":2,"minecraft:torch":7,"minecraft:dandelion":1,"minecraft:fire_charge":2,"minecraft:porkchop":6,"minecraft:diorite":1,"minecraft:carrot":1,"minecraft:weeping_vines":1,"minecraft:arrow":3,"minecraft:rotten_flesh":15,"minecraft:diamond":1,"minecraft:beetroot_seeds":2,"minecraft:granite":5,"minecraft:emerald":6,"minecraft:oak_sapling":1,"minecraft:crimson_roots":3,"minecraft:coal":61,"minecraft:cobblestone":224,"minecraft:sunflower":4},"minecraft:custom":{"minecraft:interact_with_smithing_table":1,"minecraft:interact_with_furnace":25,"minecraft:mob_kills":31,"minecraft:interact_with_crafting_table":22,"minecraft:bell_ring":50,"minecraft:leave_game":7,"minecraft:time_since_death":23143,"minecraft:sleep_in_bed":1,"minecraft:climb_one_cm":1877,"minecraft:time_since_rest":23269,"minecraft:sprint_one_cm":147026,"minecraft:damage_taken":1410,"minecraft:walk_one_cm":584216,"minecraft:drop":20,"minecraft:damage_dealt":5572,"minecraft:swim_one_cm":7623,"minecraft:talked_to_villager":13,"minecraft:fly_one_cm":150201,"minecraft:open_chest":18,"minecraft:crouch_one_cm":12434,"minecraft:play_time":189971,"minecraft:sneak_time":5587,"minecraft:deaths":1,"minecraft:walk_under_water_one_cm":10595,"minecraft:boat_one_cm":8305,"minecraft:jump":1754,"minecraft:interact_with_blast_furnace":3,"minecraft:walk_on_water_one_cm":16531,"minecraft:total_world_time":189971,"minecraft:interact_with_smoker":3,"minecraft:fall_one_cm":35372,"minecraft:horse_one_cm":1568517}},"DataVersion":3465}