{"stats":{"minecraft:custom":{"minecraft:interact_with_furnace":13,"minecraft:mob_kills":14,"minecraft:interact_with_crafting_table":11,"minecraft:leave_game":1,"minecraft:time_since_death":55577,"minecraft:time_since_rest":55577,"minecraft:sprint_one_cm":22912,"minecraft:damage_taken":430,"minecraft:walk_one_cm":212503,"minecraft:drop":12,"minecraft:damage_dealt":2314,"minecraft:fly_one_cm":19402,"minecraft:crouch_one_cm":9708,"minecraft:play_time":55577,"minecraft:sneak_time":4695,"minecraft:walk_under_water_one_cm":980,"minecraft:jump":548,"minecraft:walk_on_water_one_cm":2610,"minecraft:total_world_time":55577,"minecraft:fall_one_cm":11900},"minecraft:broken":{"minecraft:wooden_sword":1},"minecraft:crafted":{"minecraft:cooked_beef":7,"minecraft:wooden_sword":1,"minecraft:oak_planks":26,"minecraft:cooked_porkchop":6,"minecraft:crafting_table":2,"minecraft:wooden_pickaxe":1,"minecraft:iron_sword":1,"minecraft:furnace":1,"minecraft:oak_wood":6,"minecraft:stick":20,"minecraft:iron_ingot":11,"minecraft:iron_pickaxe":1,"minecraft:stone_pickaxe":2,"minecraft:stone_sword":1,"minecraft:torch":36},"minecraft:killed":{"minecraft:cave_spider":1,"minecraft:pig":2,"minecraft:skeleton":1,"minecraft:zombie":6,"minecraft:cow":4},"minecraft:mined":{"minecraft:torch":2,"minecraft:crafting_table":3,"minecraft:glow_lichen":1,"minecraft:grass_block":2,"minecraft:copper_ore":1,"minecraft:cobblestone":1,"minecraft:diorite":1,"minecraft:furnace":3,"minecraft:iron_ore":20,"minecraft:grass":12,"minecraft:oak_log":9,"minecraft:coal_ore":30,"minecraft:deepslate_iron_ore":17,"minecraft:sunflower":5,"minecraft:gravel":2,"minecraft:dirt":1,"minecraft:stone":108,"minecraft:oak_leaves":1,"minecraft:deepslate":9},"minecraft:dropped":{"minecraft:iron_sword":1,"minecraft:wheat_seeds":1,"minecraft:oak_log":1,"minecraft:stone_sword":1,"minecraft:rotten_flesh":2,"minecraft:torch":1,"minecraft:oak_sapling":1,"minecraft:sunflower":4,"minecraft:wooden_pickaxe":2,"minecraft:stone_pickaxe":2},"minecraft:used":{"minecraft:stone_sword":32,"minecraft:stone_pickaxe":182,"minecraft:oak_planks":5,"minecraft:wooden_pickaxe":13,"minecraft:iron_sword":78,"minecraft:torch":40,"minecraft:dirt":3,"minecraft:crafting_table":4,"minecraft:iron_pickaxe":1,"minecraft:wooden_sword":63,"minecraft:cobblestone":73,"minecraft:furnace":3,"minecraft:cooked_porkchop":3,"minecraft:cooked_beef":2},"minecraft:picked_up":{"minecraft:crafting_table":3,"minecraft:leather":5,"minecraft:wooden_pickaxe":1,"minecraft:oak_log":10,"minecraft:dirt":3,"minecraft:string":2,"minecraft:raw_copper":2,"minecraft:bone":2,"minecraft:wheat_seeds":1,"minecraft:cobbled_deepslate":9,"minecraft:iron_ingot":1,"minecraft:beef":7,"minecraft:iron_sword":1,"minecraft:furnace":3,"minecraft:stick":2,"minecraft:raw_iron":58,"minecraft:torch":3,"minecraft:porkchop":6,"minecraft:diorite":1,"minecraft:rotten_flesh":7,"minecraft:diamond":1,"minecraft:oak_sapling":1,"minecraft:coal":49,"minecraft:cobblestone":95,"minecraft:sunflower":4}},"DataVersion":3465}