{"stats":{"minecraft:dropped":{"minecraft:gravel":1,"minecraft:bread":3,"minecraft:iron_sword":1,"croptopia:flour":28,"minecraft:stone_sword":1,"minecraft:cobbled_deepslate":1,"minecraft:tuff":1,"minecraft:rotten_flesh":1,"minecraft:filled_map":1,"minecraft:diorite":2,"minecraft:andesite":2,"minecraft:acacia_sapling":4,"beachparty:rubber_ring_pelican":1,"minecraft:wooden_pickaxe":3,"minecraft:string":1},"minecraft:custom":{"minecraft:interact_with_furnace":9,"lootr:looted_stat":45,"minecraft:mob_kills":18,"minecraft:interact_with_cartography_table":1,"minecraft:interact_with_crafting_table":26,"minecraft:bell_ring":2,"minecraft:damage_dealt_resisted":0,"minecraft:leave_game":5,"minecraft:time_since_death":100316,"minecraft:sleep_in_bed":1,"minecraft:climb_one_cm":4548,"minecraft:hex":0,"minecraft:time_since_rest":88665,"minecraft:sprint_one_cm":142492,"minecraft:damage_taken":942,"minecraft:walk_one_cm":398542,"minecraft:damage_blocked_by_shield":10,"minecraft:drop":33,"minecraft:damage_dealt":3493,"minecraft:swim_one_cm":4286,"minecraft:talked_to_villager":2,"minecraft:fly_one_cm":157374,"minecraft:crouch_one_cm":3595,"minecraft:play_time":100316,"minecraft:sneak_time":2081,"minecraft:walk_under_water_one_cm":2801,"minecraft:jump":1490,"minecraft:walk_on_water_one_cm":4607,"minecraft:total_world_time":100316,"minecraft:fall_one_cm":33661},"minecraft:mined":{"minecraft:dark_oak_planks":1,"minecraft:podzol":5,"minecraft:tuff":2,"minecraft:brown_mushroom":1,"minecraft:mossy_cobblestone":1,"minecraft:deepslate_diamond_ore":1,"minecraft:crafting_table":5,"minecraft:torch":1,"minecraft:spruce_fence":2,"minecraft:grass_block":1,"minecraft:coal_block":2,"minecraft:copper_ore":2,"minecraft:tall_grass":1,"minecraft:deepslate_gold_ore":8,"minecraft:diorite":2,"minecraft:wall_torch":1,"minecraft:hay_block":10,"minecraft:furnace":1,"minecraft:iron_ore":64,"minecraft:andesite":2,"treechop:chopped_log":4,"minecraft:dark_oak_stairs":2,"minecraft:grass":4,"minecraft:oak_log":8,"minecraft:coal_ore":34,"minecraft:deepslate_iron_ore":3,"bewitchment:salt_ore":1,"minecraft:deepslate_brick_stairs":1,"minecraft:dirt":3,"regions_unexplored:medium_grass":1,"minecraft:acacia_planks":4,"minecraft:stone":109,"regions_unexplored:redwood_log":5,"ad_astra:sky_stone":4,"minecraft:deepslate":63,"minecraft:fern":1},"minecraft:killed":{"minecraft:cave_spider":1,"minecraft:pig":1,"minecraft:zombie_villager":1,"minecraft:spider":1,"naturalist:boar":1,"minecraft:skeleton":4,"minecraft:pillager":1,"minecraft:zombie":6,"tinyskeletons:baby_skeleton":1,"minecraft:cow":1},"minecraft:crafted":{"minecraft:oak_planks":18,"minecraft:crafting_table":1,"minecraft:wooden_pickaxe":1,"minecraft:iron_sword":1,"minecraft:furnace":1,"minecraft:bread":17,"minecraft:air":0,"regions_unexplored:redwood_planks":6,"minecraft:iron_boots":1,"minecraft:iron_chestplate":1,"minecraft:shield":1,"minecraft:stick":38,"minecraft:iron_ingot":24,"minecraft:iron_pickaxe":1,"minecraft:stone_pickaxe":1,"croptopia:flour":14,"minecraft:stone_sword":1,"mcdw:glaive_glaive":1,"minecraft:acacia_planks":32,"minecraft:torch":34,"minecraft:wheat":73},"minecraft:picked_up":{"modern_industrialization:lignite_coal":3,"minecraft:crafting_table":5,"minecraft:andesite":2,"croptopia:flour":14,"minecraft:leather":2,"minecraft:brown_mushroom":1,"minecraft:wooden_pickaxe":2,"minecraft:tuff":1,"minecraft:oak_log":8,"ad_astra:sky_stone":4,"minecraft:dirt":7,"minecraft:string":1,"minecraft:raw_copper":6,"minecraft:bone":6,"minecraft:acacia_planks":4,"minecraft:wheat_seeds":1,"minecraft:cobbled_deepslate":60,"minecraft:raw_gold":7,"minecraft:iron_ingot":1,"minecraft:beef":2,"minecraft:iron_sword":1,"minecraft:coal_block":2,"minecraft:acacia_sapling":4,"minecraft:dark_oak_stairs":2,"regions_unexplored:redwood_log":2,"minecraft:furnace":1,"minecraft:raw_iron":91,"minecraft:spruce_fence":1,"minecraft:torch":2,"minecraft:acacia_log":8,"minecraft:gravel":1,"minecraft:porkchop":4,"bewitchment:salt":2,"minecraft:diorite":2,"minecraft:spider_eye":1,"techreborn:sapphire_gem":1,"minecraft:dark_oak_planks":1,"minecraft:arrow":7,"minecraft:rotten_flesh":1,"minecraft:diamond":1,"minecraft:hay_block":10,"minecraft:bread":3,"minecraft:deepslate_brick_stairs":1,"minecraft:coal":40,"minecraft:cobblestone":169},"minecraft:used":{"minecraft:stone_sword":46,"minecraft:stone_pickaxe":92,"mcdw:glaive_glaive":31,"minecraft:shield":1,"minecraft:wooden_pickaxe":24,"minecraft:iron_sword":14,"minecraft:iron_chestplate":1,"minecraft:torch":38,"minecraft:dirt":7,"minecraft:crafting_table":5,"minecraft:golden_shovel":4,"minecraft:spruce_fence":1,"minecraft:deepslate_brick_stairs":1,"minecraft:oak_log":3,"minecraft:apple":14,"minecraft:bread":13,"minecraft:iron_pickaxe":189,"ad_astra:sky_stone":1,"minecraft:coal_block":2,"minecraft:cobblestone":95,"minecraft:hay_block":1,"minecraft:furnace":1,"simplyswords:waxweaver":5,"minecraft:acacia_planks":30,"minecraft:cobbled_deepslate":55,"beachparty:rubber_ring_pelican":2,"minecraft:golden_axe":25},"minecraft:broken":{"minecraft:stone_pickaxe":1,"minecraft:golden_axe":1}},"DataVersion":3465}