{"stats":{"minecraft:dropped":{"croptopia:flour":28,"minecraft:stone_sword":1,"minecraft:wooden_pickaxe":3},"minecraft:mined":{"minecraft:tuff":2,"minecraft:brown_mushroom":1,"minecraft:deepslate_diamond_ore":1,"minecraft:crafting_table":3,"minecraft:torch":1,"minecraft:tall_grass":1,"minecraft:deepslate_gold_ore":8,"minecraft:hay_block":10,"minecraft:furnace":1,"minecraft:iron_ore":48,"minecraft:grass":3,"minecraft:oak_log":8,"minecraft:coal_ore":32,"minecraft:deepslate_iron_ore":3,"bewitchment:salt_ore":1,"minecraft:stone":38,"minecraft:deepslate":6},"minecraft:custom":{"lootr:looted_stat":4,"minecraft:interact_with_furnace":7,"minecraft:mob_kills":9,"minecraft:interact_with_crafting_table":17,"minecraft:bell_ring":1,"minecraft:damage_dealt_resisted":0,"minecraft:leave_game":4,"minecraft:time_since_death":43517,"minecraft:sleep_in_bed":1,"minecraft:hex":0,"minecraft:time_since_rest":31866,"minecraft:sprint_one_cm":38264,"minecraft:damage_taken":491,"minecraft:walk_one_cm":188434,"minecraft:drop":19,"minecraft:damage_dealt":1985,"minecraft:talked_to_villager":2,"minecraft:swim_one_cm":1030,"minecraft:fly_one_cm":81799,"minecraft:crouch_one_cm":628,"minecraft:play_time":43517,"minecraft:sneak_time":330,"minecraft:walk_under_water_one_cm":1595,"minecraft:jump":616,"minecraft:walk_on_water_one_cm":3851,"minecraft:total_world_time":43517,"minecraft:fall_one_cm":15952},"minecraft:killed":{"minecraft:spider":1,"minecraft:skeleton":3,"minecraft:zombie":4,"tinyskeletons:baby_skeleton":1},"minecraft:crafted":{"minecraft:oak_planks":18,"minecraft:crafting_table":1,"minecraft:wooden_pickaxe":1,"minecraft:iron_sword":1,"minecraft:furnace":1,"minecraft:bread":17,"minecraft:air":0,"minecraft:iron_boots":1,"minecraft:iron_chestplate":1,"minecraft:stick":22,"minecraft:iron_ingot":24,"minecraft:iron_pickaxe":1,"minecraft:stone_pickaxe":1,"minecraft:stone_sword":1,"croptopia:flour":14,"mcdw:glaive_glaive":1,"minecraft:torch":34,"minecraft:wheat":73},"minecraft:picked_up":{"minecraft:crafting_table":3,"croptopia:flour":14,"minecraft:brown_mushroom":1,"minecraft:wooden_pickaxe":2,"minecraft:tuff":1,"minecraft:oak_log":8,"minecraft:string":1,"minecraft:bone":5,"minecraft:cobbled_deepslate":5,"minecraft:raw_gold":7,"minecraft:iron_ingot":1,"minecraft:furnace":1,"minecraft:raw_iron":75,"minecraft:torch":1,"minecraft:gravel":1,"bewitchment:salt":2,"techreborn:sapphire_gem":1,"minecraft:rotten_flesh":1,"minecraft:arrow":3,"minecraft:diamond":1,"minecraft:hay_block":10,"minecraft:coal":38,"minecraft:cobblestone":38},"minecraft:used":{"minecraft:stone_sword":46,"minecraft:stone_pickaxe":92,"mcdw:glaive_glaive":12,"minecraft:wooden_pickaxe":24,"minecraft:torch":33,"minecraft:crafting_table":3,"minecraft:oak_log":3,"minecraft:bread":8,"minecraft:iron_pickaxe":26,"minecraft:cobblestone":12,"minecraft:hay_block":1,"minecraft:furnace":1,"minecraft:golden_axe":5},"minecraft:broken":{"minecraft:stone_pickaxe":1}},"DataVersion":3465}