{"stats":{"minecraft:dropped":{"minecraft:iron_ingot":63,"minecraft:bread":3,"minecraft:iron_sword":2,"minecraft:oak_log":4,"minecraft:wheat_seeds":7,"croptopia:flour":28,"minecraft:oak_fence":7,"minecraft:iron_helmet":1,"minecraft:cobblestone":9,"minecraft:apple":47,"minecraft:dirt":103,"minecraft:diorite":2,"beachparty:rubber_ring_pelican":1,"bewitchment:garlic":2,"minecraft:sand":2,"minecraft:string":5,"fishofthieves:grubs":2,"minecraft:bone":4,"minecraft:dandelion":2,"minecraft:gravel":1,"botania:purple_mushroom":1,"mutantmonsters:hulk_hammer":1,"minecraft:stone_sword":1,"minecraft:cobbled_deepslate":22,"botania:blue_mushroom":2,"minecraft:tuff":1,"minecraft:raw_iron":14,"minecraft:rotten_flesh":1,"minecraft:villager_spawn_egg":2,"minecraft:name_tag":21,"minecraft:filled_map":1,"travelersbackpack:emerald":1,"minecraft:shield":1,"bewitchment:mandrake_seeds":2,"minecraft:oak_button":6,"fishofthieves:earthworms":34,"minecraft:andesite":2,"minecraft:yellow_bed":1,"minecraft:acacia_sapling":4,"minecraft:spider_eye":1,"minecraft:arrow":9,"minecraft:wooden_pickaxe":3,"mutantmonsters:mutant_skeleton_rib":1},"minecraft:custom":{"lootr:looted_stat":50,"minecraft:mob_kills":45,"minecraft:interact_with_crafting_table":43,"minecraft:open_barrel":1,"minecraft:bell_ring":2,"minecraft:damage_dealt_resisted":0,"minecraft:leave_game":6,"minecraft:time_since_death":293012,"minecraft:climb_one_cm":4648,"minecraft:damage_resisted":0,"minecraft:sprint_one_cm":367320,"minecraft:walk_one_cm":927828,"minecraft:damage_blocked_by_shield":1040,"minecraft:drop":79,"minecraft:talked_to_villager":2,"minecraft:play_time":293012,"minecraft:sneak_time":6136,"minecraft:walk_under_water_one_cm":5266,"minecraft:boat_one_cm":77,"minecraft:jump":3109,"minecraft:walk_on_water_one_cm":52568,"minecraft:total_world_time":293012,"minecraft:interact_with_furnace":12,"minecraft:interact_with_cartography_table":1,"minecraft:sleep_in_bed":5,"minecraft:hex":0,"minecraft:time_since_rest":6420,"minecraft:damage_taken":2544,"minecraft:damage_dealt":9050,"minecraft:swim_one_cm":29113,"minecraft:fly_one_cm":348661,"minecraft:open_chest":27,"minecraft:crouch_one_cm":15591,"minecraft:interact_with_smoker":1,"minecraft:fall_one_cm":73575},"minecraft:mined":{"minecraft:dark_oak_planks":1,"minecraft:tuff":2,"minecraft:mossy_cobblestone":1,"minecraft:deepslate_diamond_ore":2,"minecraft:candle":1,"minecraft:grass_block":215,"minecraft:spruce_fence":2,"minecraft:coal_block":2,"minecraft:hopper":1,"minecraft:oak_wall_sign":8,"minecraft:hay_block":15,"minecraft:furnace":1,"minecraft:iron_ore":64,"minecraft:andesite":2,"treechop:chopped_log":5,"indrev:deepslate_nikolite_ore":2,"minecraft:dark_oak_stairs":2,"minecraft:oak_sign":1,"minecraft:dirt_path":94,"minecraft:deepslate_iron_ore":3,"bewitchment:salt_ore":1,"minecraft:oak_stairs":39,"minecraft:deepslate_brick_stairs":1,"regions_unexplored:medium_grass":3,"minecraft:stone":134,"regions_unexplored:redwood_log":5,"regions_unexplored:windswept_grass":2,"ad_astra:sky_stone":4,"minecraft:podzol":5,"minecraft:oak_slab":19,"minecraft:brown_mushroom":1,"minecraft:oak_fence":14,"minecraft:crafting_table":5,"minecraft:torch":3,"minecraft:chest":1,"minecraft:tall_grass":2,"minecraft:copper_ore":2,"minecraft:cobblestone":33,"minecraft:white_candle":2,"minecraft:deepslate_gold_ore":8,"minecraft:oak_planks":16,"minecraft:diorite":2,"minecraft:wall_torch":2,"supplementaries:urn":2,"minecraft:coarse_dirt":1,"minecraft:yellow_bed":5,"minecraft:grass":21,"minecraft:oak_log":23,"minecraft:coal_ore":34,"minecraft:sand":62,"minecraft:dirt":118,"minecraft:acacia_planks":4,"minecraft:oak_leaves":4,"minecraft:deepslate":63,"minecraft:fern":1},"minecraft:killed":{"minecraft:cave_spider":1,"minecraft:spider":3,"bewitchment:ghost":1,"naturalist:boar":1,"minecraft:skeleton":10,"minecraft:chicken":1,"minecraft:drowned":3,"minecraft:pig":1,"graveyard:ghoul":2,"minecraft:zombie_villager":1,"mutantmonsters:mutant_enderman":1,"minecraft:pillager":4,"minecraft:zombie":12,"tinyskeletons:baby_skeleton":1,"minecraft:enderman":1,"minecraft:cow":1},"minecraft:crafted":{"minecraft:oak_planks":30,"minecraft:furnace":1,"minecraft:iron_boots":1,"minecraft:iron_axe":1,"minecraft:stone_pickaxe":1,"croptopia:flour":14,"minecraft:chest":3,"mcdw:glaive_glaive":1,"minecraft:wheat":73,"minecraft:crafting_table":3,"minecraft:wooden_pickaxe":1,"minecraft:iron_helmet":1,"minecraft:iron_sword":1,"minecraft:bread":17,"minecraft:air":0,"regions_unexplored:redwood_planks":6,"minecraft:iron_chestplate":1,"minecraft:shield":1,"minecraft:stick":82,"minecraft:iron_ingot":24,"minecraft:iron_pickaxe":1,"minecraft:stone_sword":1,"minecraft:iron_shovel":3,"minecraft:iron_leggings":1,"minecraft:acacia_planks":32,"minecraft:torch":86,"techreborn:rubber_planks":24},"minecraft:picked_up":{"minecraft:coarse_dirt":3,"minecraft:crafting_table":5,"modern_industrialization:lignite_coal":3,"minecraft:wheat":1,"artifacts:night_vision_goggles":1,"minecraft:brown_mushroom":1,"botania:blue_mushroom":3,"minecraft:wooden_pickaxe":2,"minecraft:oak_stairs":33,"ad_astra:sky_stone":4,"minecraft:shield":1,"travelersbackpack:emerald":2,"minecraft:string":6,"minecraft:raw_copper":6,"minecraft:oak_sign":17,"minecraft:candle":3,"minecraft:cobbled_deepslate":81,"minecraft:bucket":1,"minecraft:beef":2,"minecraft:oak_boat":1,"techreborn:rubber_log":6,"minecraft:chest":1,"minecraft:coal_block":2,"regions_unexplored:redwood_log":2,"minecraft:furnace":1,"minecraft:raw_iron":91,"minecraft:oak_fence":7,"minecraft:torch":18,"minecraft:acacia_log":8,"botania:purple_mushroom":1,"minecraft:spruce_fence":1,"minecraft:porkchop":4,"minecraft:villager_spawn_egg":2,"minecraft:diorite":2,"minecraft:redstone":19,"indrev:lead_shovel":1,"minecraft:dark_oak_planks":1,"mutantmonsters:hulk_hammer":1,"bewitchment:garlic":2,"minecraft:rotten_flesh":14,"minecraft:arrow":19,"minecraft:hay_block":14,"mutantmonsters:mutant_skeleton_rib":2,"minecraft:deepslate_brick_stairs":1,"minecraft:cobblestone":228,"minecraft:andesite":2,"croptopia:flour":14,"minecraft:leather":2,"fishofthieves:grubs":2,"minecraft:tuff":1,"minecraft:oak_log":19,"minecraft:yellow_bed":7,"bewitchment:aconite_seeds":1,"minecraft:dirt":477,"minecraft:name_tag":21,"minecraft:bone":10,"minecraft:acacia_planks":4,"minecraft:wheat_seeds":12,"minecraft:raw_gold":7,"bewitchment:mandrake_seeds":2,"minecraft:iron_ingot":8,"fishofthieves:earthworms":40,"minecraft:acacia_sapling":4,"minecraft:iron_sword":2,"minecraft:oak_planks":24,"minecraft:dark_oak_stairs":2,"minecraft:oak_slab":23,"minecraft:sand":59,"minecraft:dandelion":2,"minecraft:gravel":1,"bewitchment:belladonna_seeds":1,"bewitchment:salt":2,"minecraft:grass_block":1,"minecraft:barrel":3,"techreborn:sapphire_gem":1,"minecraft:spider_eye":1,"minecraft:white_candle":2,"minecraft:diamond":3,"minecraft:bread":3,"minecraft:oak_button":15,"minecraft:coal":40,"minecraft:hopper":2,"minecraft:ender_pearl":1},"minecraft:used":{"minecraft:oak_trapdoor":1,"minecraft:stone_sword":46,"minecraft:iron_shovel":593,"minecraft:flint_and_steel":4,"mcdw:glaive_glaive":31,"minecraft:oak_sign":9,"minecraft:chest":3,"minecraft:shield":36,"minecraft:iron_sword":151,"minecraft:zombie_spawn_egg":1,"mutantmonsters:mutant_skeleton_spawn_egg":1,"indrev:lead_shovel":134,"minecraft:iron_chestplate":1,"minecraft:torch":65,"minecraft:dirt":325,"minecraft:hopper":1,"minecraft:golden_shovel":4,"minecraft:spruce_fence":1,"travelersbackpack:emerald":6,"techreborn:rubber_planks":2,"minecraft:lava_bucket":1,"minecraft:villager_spawn_egg":2,"minecraft:grass_block":1,"minecraft:iron_axe":119,"mutantmonsters:mutant_enderman_spawn_egg":1,"minecraft:iron_helmet":1,"minecells:leaping_zombie_spawn_egg":1,"minecraft:barrel":3,"minecraft:hay_block":1,"minecraft:furnace":2,"simplyswords:waxweaver":32,"minecraft:cobbled_deepslate":55,"minecraft:acacia_planks":30,"minecraft:golden_axe":25,"minecraft:iron_leggings":1,"betterend:spawn_egg_cubozoa":1,"minecraft:water_bucket":10,"minecraft:oak_planks":7,"minecraft:stone_pickaxe":92,"minecraft:wooden_pickaxe":24,"minecraft:cobblestone_slab":2,"betterend:spawn_egg_shadow_walker":1,"minecraft:oak_slab":3,"minecraft:crafting_table":7,"minecells:mutated_bat_spawn_egg":1,"minecraft:deepslate_brick_stairs":1,"minecraft:oak_log":3,"minecraft:diamond_pickaxe":1,"minecraft:apple":19,"minecraft:bread":50,"minecraft:oak_button":6,"minecraft:string":1,"minecraft:iron_pickaxe":263,"mutantmonsters:mutant_snow_golem_spawn_egg":1,"ad_astra:sky_stone":1,"mutantmonsters:mutant_zombie_spawn_egg":1,"minecraft:coal_block":2,"minecraft:cobblestone":200,"minecraft:bucket":12,"minecraft:yellow_bed":10,"minecraft:oak_boat":2,"minecraft:coarse_dirt":63,"beachparty:rubber_ring_pelican":2},"minecraft:broken":{"minecraft:golden_helmet":1,"minecraft:iron_shovel":2,"minecraft:iron_boots":1,"minecraft:stone_pickaxe":1,"beachparty:rubber_ring_pelican":1,"minecraft:golden_axe":1}},"DataVersion":3465}