{"stats":{"minecraft:dropped":{"minecraft:gravel":1,"croptopia:flour":28,"minecraft:stone_sword":1,"minecraft:cobbled_deepslate":1,"minecraft:tuff":1,"minecraft:rotten_flesh":1,"minecraft:diorite":2,"minecraft:andesite":2,"minecraft:wooden_pickaxe":3},"minecraft:mined":{"minecraft:tuff":2,"minecraft:brown_mushroom":1,"minecraft:deepslate_diamond_ore":1,"minecraft:crafting_table":4,"minecraft:torch":1,"minecraft:grass_block":1,"minecraft:copper_ore":2,"minecraft:tall_grass":1,"minecraft:deepslate_gold_ore":8,"minecraft:diorite":2,"minecraft:wall_torch":1,"minecraft:hay_block":10,"minecraft:furnace":1,"minecraft:iron_ore":63,"minecraft:andesite":2,"treechop:chopped_log":2,"minecraft:grass":3,"minecraft:oak_log":8,"minecraft:coal_ore":34,"minecraft:deepslate_iron_ore":3,"bewitchment:salt_ore":1,"minecraft:dirt":3,"minecraft:stone":109,"minecraft:deepslate":63},"minecraft:custom":{"lootr:looted_stat":4,"minecraft:interact_with_furnace":7,"minecraft:mob_kills":13,"minecraft:interact_with_crafting_table":19,"minecraft:bell_ring":1,"minecraft:damage_dealt_resisted":0,"minecraft:leave_game":4,"minecraft:time_since_death":61388,"minecraft:sleep_in_bed":1,"minecraft:climb_one_cm":602,"minecraft:hex":0,"minecraft:time_since_rest":49737,"minecraft:sprint_one_cm":63374,"minecraft:damage_taken":561,"minecraft:walk_one_cm":250066,"minecraft:drop":25,"minecraft:damage_dealt":2504,"minecraft:swim_one_cm":4286,"minecraft:talked_to_villager":2,"minecraft:fly_one_cm":118327,"minecraft:crouch_one_cm":1451,"minecraft:play_time":61388,"minecraft:sneak_time":705,"minecraft:walk_under_water_one_cm":1699,"minecraft:jump":998,"minecraft:walk_on_water_one_cm":4271,"minecraft:total_world_time":61388,"minecraft:fall_one_cm":21311},"minecraft:killed":{"minecraft:pig":1,"minecraft:zombie_villager":1,"minecraft:spider":1,"minecraft:skeleton":3,"tinyskeletons:baby_skeleton":1,"minecraft:zombie":5,"minecraft:cow":1},"minecraft:crafted":{"minecraft:oak_planks":18,"minecraft:crafting_table":1,"minecraft:wooden_pickaxe":1,"minecraft:iron_sword":1,"minecraft:furnace":1,"minecraft:bread":17,"minecraft:air":0,"minecraft:iron_boots":1,"minecraft:iron_chestplate":1,"minecraft:stick":22,"minecraft:iron_ingot":24,"minecraft:iron_pickaxe":1,"minecraft:stone_pickaxe":1,"croptopia:flour":14,"minecraft:stone_sword":1,"mcdw:glaive_glaive":1,"minecraft:torch":34,"minecraft:wheat":73},"minecraft:picked_up":{"minecraft:crafting_table":4,"minecraft:andesite":2,"minecraft:leather":1,"croptopia:flour":14,"minecraft:brown_mushroom":1,"minecraft:wooden_pickaxe":2,"minecraft:tuff":1,"minecraft:oak_log":8,"minecraft:dirt":4,"minecraft:string":1,"minecraft:raw_copper":6,"minecraft:bone":5,"minecraft:cobbled_deepslate":60,"minecraft:raw_gold":7,"minecraft:beef":2,"minecraft:iron_ingot":1,"minecraft:acacia_sapling":4,"minecraft:furnace":1,"minecraft:raw_iron":90,"minecraft:acacia_log":8,"minecraft:torch":2,"minecraft:gravel":1,"minecraft:porkchop":3,"bewitchment:salt":2,"minecraft:diorite":2,"techreborn:sapphire_gem":1,"minecraft:rotten_flesh":1,"minecraft:arrow":3,"minecraft:diamond":1,"minecraft:hay_block":10,"minecraft:coal":40,"minecraft:cobblestone":109},"minecraft:used":{"minecraft:stone_sword":46,"minecraft:stone_pickaxe":92,"mcdw:glaive_glaive":21,"minecraft:wooden_pickaxe":24,"minecraft:torch":34,"minecraft:crafting_table":4,"minecraft:golden_shovel":3,"minecraft:oak_log":3,"minecraft:bread":12,"minecraft:iron_pickaxe":179,"minecraft:cobblestone":90,"minecraft:hay_block":1,"minecraft:furnace":1,"minecraft:cobbled_deepslate":55,"minecraft:golden_axe":25},"minecraft:broken":{"minecraft:stone_pickaxe":1,"minecraft:golden_axe":1}},"DataVersion":3465}