{"stats":{"minecraft:custom":{"minecraft:interact_with_smithing_table":1,"minecraft:interact_with_furnace":19,"minecraft:mob_kills":22,"minecraft:interact_with_crafting_table":15,"minecraft:bell_ring":50,"minecraft:leave_game":1,"minecraft:time_since_death":145577,"minecraft:climb_one_cm":1381,"minecraft:time_since_rest":145577,"minecraft:sprint_one_cm":106631,"minecraft:damage_taken":812,"minecraft:walk_one_cm":413824,"minecraft:drop":20,"minecraft:damage_dealt":3560,"minecraft:swim_one_cm":4015,"minecraft:talked_to_villager":13,"minecraft:fly_one_cm":102333,"minecraft:open_chest":12,"minecraft:crouch_one_cm":12252,"minecraft:play_time":145577,"minecraft:sneak_time":5453,"minecraft:walk_under_water_one_cm":9909,"minecraft:jump":1302,"minecraft:walk_on_water_one_cm":13496,"minecraft:interact_with_smoker":2,"minecraft:total_world_time":145577,"minecraft:fall_one_cm":27852,"minecraft:horse_one_cm":1018614},"minecraft:broken":{"minecraft:wooden_sword":1},"minecraft:crafted":{"minecraft:cooked_beef":7,"minecraft:wooden_sword":1,"minecraft:oak_planks":26,"minecraft:cooked_porkchop":6,"minecraft:crafting_table":2,"minecraft:iron_helmet":1,"minecraft:wooden_pickaxe":1,"minecraft:iron_sword":1,"minecraft:furnace":1,"minecraft:bucket":1,"minecraft:oak_wood":6,"minecraft:air":0,"minecraft:iron_boots":1,"minecraft:iron_chestplate":1,"minecraft:stick":20,"minecraft:iron_ingot":36,"minecraft:iron_pickaxe":1,"minecraft:stone_pickaxe":2,"minecraft:stone_sword":1,"minecraft:iron_leggings":1,"minecraft:torch":36},"minecraft:killed":{"minecraft:cave_spider":1,"minecraft:pig":2,"minecraft:spider":1,"minecraft:skeleton":2,"minecraft:zombie":7,"minecraft:cow":9},"minecraft:mined":{"minecraft:torch":2,"minecraft:crafting_table":6,"minecraft:glow_lichen":1,"minecraft:granite":5,"minecraft:grass_block":3,"minecraft:tall_grass":3,"minecraft:copper_ore":1,"minecraft:cobblestone":2,"minecraft:oak_planks":3,"minecraft:diorite":1,"minecraft:furnace":4,"minecraft:iron_ore":30,"minecraft:grass":19,"minecraft:oak_log":9,"minecraft:coal_ore":42,"minecraft:deepslate_iron_ore":17,"minecraft:sunflower":5,"minecraft:gravel":2,"minecraft:dirt":6,"minecraft:stone":231,"minecraft:oak_leaves":1,"minecraft:deepslate":32},"minecraft:dropped":{"minecraft:iron_sword":1,"minecraft:wheat_seeds":6,"minecraft:cobbled_deepslate":3,"minecraft:oak_log":1,"minecraft:stone_sword":1,"minecraft:raw_copper":2,"minecraft:cobblestone":61,"minecraft:rotten_flesh":9,"minecraft:torch":1,"minecraft:oak_sapling":1,"minecraft:sunflower":4,"minecraft:wooden_pickaxe":2,"minecraft:stone_pickaxe":2},"minecraft:used":{"minecraft:water_bucket":2,"minecraft:stone_sword":32,"minecraft:stone_pickaxe":182,"minecraft:oak_planks":5,"minecraft:wooden_pickaxe":13,"minecraft:iron_sword":138,"minecraft:torch":46,"minecraft:dirt":4,"minecraft:crafting_table":7,"minecraft:granite":5,"minecraft:apple":3,"minecraft:iron_pickaxe":178,"minecraft:wooden_sword":63,"minecraft:cobblestone":137,"minecraft:furnace":4,"minecraft:cooked_porkchop":3,"minecraft:bucket":3,"minecraft:potato":9,"minecraft:cooked_beef":6,"minecraft:cobbled_deepslate":28},"minecraft:picked_up":{"minecraft:crafting_table":6,"minecraft:leather":13,"minecraft:wooden_pickaxe":1,"minecraft:potato":2,"minecraft:oak_log":10,"minecraft:dirt":10,"minecraft:string":4,"minecraft:raw_copper":2,"minecraft:bone":2,"minecraft:wheat_seeds":10,"minecraft:cobbled_deepslate":31,"minecraft:iron_ingot":1,"minecraft:beef":18,"minecraft:oak_planks":3,"minecraft:iron_sword":1,"minecraft:egg":1,"minecraft:furnace":4,"minecraft:stick":2,"minecraft:raw_iron":68,"minecraft:torch":7,"minecraft:porkchop":6,"minecraft:diorite":1,"minecraft:carrot":1,"minecraft:rotten_flesh":11,"minecraft:diamond":1,"minecraft:beetroot_seeds":2,"minecraft:granite":5,"minecraft:oak_sapling":1,"minecraft:coal":61,"minecraft:cobblestone":224,"minecraft:sunflower":4}},"DataVersion":3465}