{"stats":{"minecraft:custom":{"minecraft:time_since_rest":31577,"minecraft:interact_with_furnace":8,"minecraft:sprint_one_cm":11710,"minecraft:damage_taken":195,"minecraft:walk_one_cm":96424,"minecraft:mob_kills":8,"minecraft:drop":9,"minecraft:damage_dealt":1000,"minecraft:interact_with_crafting_table":9,"minecraft:fly_one_cm":10958,"minecraft:crouch_one_cm":4986,"minecraft:play_time":31577,"minecraft:sneak_time":2093,"minecraft:jump":263,"minecraft:leave_game":1,"minecraft:time_since_death":31577,"minecraft:total_world_time":31577,"minecraft:fall_one_cm":4277},"minecraft:broken":{"minecraft:wooden_sword":1},"minecraft:crafted":{"minecraft:cooked_beef":7,"minecraft:wooden_sword":1,"minecraft:oak_planks":26,"minecraft:cooked_porkchop":6,"minecraft:crafting_table":2,"minecraft:stick":20,"minecraft:iron_ingot":4,"minecraft:wooden_pickaxe":1,"minecraft:stone_pickaxe":2,"minecraft:stone_sword":1,"minecraft:iron_sword":1,"minecraft:furnace":1,"minecraft:oak_wood":6,"minecraft:torch":22},"minecraft:killed":{"minecraft:zombie":2,"minecraft:pig":2,"minecraft:cow":4},"minecraft:mined":{"minecraft:furnace":2,"minecraft:iron_ore":7,"minecraft:glow_lichen":1,"minecraft:crafting_table":2,"minecraft:torch":1,"minecraft:grass":12,"minecraft:grass_block":2,"minecraft:coal_ore":30,"minecraft:oak_log":9,"minecraft:gravel":1,"minecraft:sunflower":5,"minecraft:copper_ore":1,"minecraft:stone":104,"minecraft:oak_leaves":1},"minecraft:dropped":{"minecraft:wheat_seeds":1,"minecraft:stone_sword":1,"minecraft:oak_log":1,"minecraft:oak_sapling":1,"minecraft:rotten_flesh":2,"minecraft:sunflower":4,"minecraft:stone_pickaxe":1,"minecraft:wooden_pickaxe":2},"minecraft:used":{"minecraft:stone_sword":32,"minecraft:stone_pickaxe":136,"minecraft:oak_planks":5,"minecraft:wooden_pickaxe":13,"minecraft:torch":16,"minecraft:wooden_sword":63,"minecraft:cobblestone":3,"minecraft:crafting_table":3,"minecraft:furnace":2,"minecraft:cooked_porkchop":1,"minecraft:cooked_beef":1},"minecraft:picked_up":{"minecraft:raw_iron":7,"minecraft:stick":2,"minecraft:crafting_table":2,"minecraft:leather":5,"minecraft:torch":1,"minecraft:wooden_pickaxe":1,"minecraft:porkchop":6,"minecraft:oak_log":10,"minecraft:dirt":2,"minecraft:raw_copper":2,"minecraft:rotten_flesh":2,"minecraft:wheat_seeds":1,"minecraft:beef":7,"minecraft:oak_sapling":1,"minecraft:coal":30,"minecraft:furnace":2,"minecraft:cobblestone":90,"minecraft:sunflower":4}},"DataVersion":3465}