{"stats":{"minecraft:custom":{"minecraft:jump":235,"minecraft:time_since_rest":6213,"minecraft:damage_taken":90,"minecraft:leave_game":3,"minecraft:crouch_one_cm":35,"minecraft:play_time":6213,"minecraft:sprint_one_cm":20462,"minecraft:time_since_death":6213,"minecraft:walk_one_cm":11746,"minecraft:sneak_time":4,"minecraft:total_world_time":6213,"minecraft:fall_one_cm":8631,"minecraft:fly_one_cm":69866},"minecraft:picked_up":{"minecraft:oak_log":7},"minecraft:mined":{"minecraft:grass":1,"minecraft:oak_log":7}},"DataVersion":3465}