{"stats":{"minecraft:dropped":{"minecraft:bread":3,"minecraft:iron_sword":2,"croptopia:flour":28,"minecraft:apple":47,"minecraft:diorite":2,"beachparty:rubber_ring_pelican":1,"minecraft:string":1,"minecraft:gravel":1,"minecraft:stone_sword":1,"minecraft:cobbled_deepslate":1,"minecraft:tuff":1,"minecraft:rotten_flesh":1,"minecraft:filled_map":1,"travelersbackpack:emerald":1,"minecraft:shield":1,"minecraft:andesite":2,"minecraft:acacia_sapling":4,"minecraft:spider_eye":1,"minecraft:arrow":4,"minecraft:wooden_pickaxe":3},"minecraft:custom":{"lootr:looted_stat":50,"minecraft:mob_kills":37,"minecraft:interact_with_crafting_table":40,"minecraft:bell_ring":2,"minecraft:damage_dealt_resisted":0,"minecraft:leave_game":6,"minecraft:time_since_death":203012,"minecraft:climb_one_cm":4648,"minecraft:damage_resisted":0,"minecraft:sprint_one_cm":274311,"minecraft:walk_one_cm":625784,"minecraft:damage_blocked_by_shield":780,"minecraft:drop":39,"minecraft:talked_to_villager":2,"minecraft:play_time":203012,"minecraft:sneak_time":2102,"minecraft:walk_under_water_one_cm":4292,"minecraft:jump":2659,"minecraft:walk_on_water_one_cm":47399,"minecraft:total_world_time":203012,"minecraft:interact_with_furnace":12,"minecraft:interact_with_cartography_table":1,"minecraft:sleep_in_bed":4,"minecraft:hex":0,"minecraft:time_since_rest":67399,"minecraft:damage_taken":1823,"minecraft:damage_dealt":6603,"minecraft:swim_one_cm":27261,"minecraft:fly_one_cm":321489,"minecraft:open_chest":19,"minecraft:crouch_one_cm":3595,"minecraft:interact_with_smoker":1,"minecraft:fall_one_cm":70848},"minecraft:mined":{"minecraft:dark_oak_planks":1,"minecraft:tuff":2,"minecraft:mossy_cobblestone":1,"minecraft:deepslate_diamond_ore":2,"minecraft:candle":1,"minecraft:grass_block":41,"minecraft:spruce_fence":2,"minecraft:coal_block":2,"minecraft:hay_block":11,"minecraft:furnace":1,"minecraft:iron_ore":64,"minecraft:andesite":2,"treechop:chopped_log":4,"indrev:deepslate_nikolite_ore":2,"minecraft:dark_oak_stairs":2,"minecraft:dirt_path":55,"minecraft:deepslate_iron_ore":3,"bewitchment:salt_ore":1,"minecraft:oak_stairs":33,"minecraft:deepslate_brick_stairs":1,"regions_unexplored:medium_grass":1,"minecraft:stone":115,"regions_unexplored:redwood_log":5,"ad_astra:sky_stone":4,"minecraft:podzol":5,"minecraft:brown_mushroom":1,"minecraft:crafting_table":5,"minecraft:torch":1,"minecraft:tall_grass":2,"minecraft:copper_ore":2,"minecraft:cobblestone":6,"minecraft:white_candle":2,"minecraft:deepslate_gold_ore":8,"minecraft:oak_planks":5,"minecraft:diorite":2,"minecraft:wall_torch":2,"supplementaries:urn":2,"minecraft:yellow_bed":4,"minecraft:grass":8,"minecraft:oak_log":11,"minecraft:coal_ore":34,"minecraft:dirt":3,"minecraft:acacia_planks":4,"minecraft:deepslate":63,"minecraft:fern":1},"minecraft:killed":{"minecraft:cave_spider":1,"minecraft:spider":3,"naturalist:boar":1,"minecraft:skeleton":10,"minecraft:chicken":1,"minecraft:pig":1,"graveyard:ghoul":2,"minecraft:zombie_villager":1,"minecraft:pillager":4,"minecraft:zombie":11,"tinyskeletons:baby_skeleton":1,"minecraft:cow":1},"minecraft:crafted":{"minecraft:oak_planks":30,"minecraft:furnace":1,"minecraft:iron_boots":1,"minecraft:iron_axe":1,"minecraft:stone_pickaxe":1,"croptopia:flour":14,"minecraft:chest":2,"mcdw:glaive_glaive":1,"minecraft:wheat":73,"minecraft:crafting_table":2,"minecraft:wooden_pickaxe":1,"minecraft:iron_helmet":1,"minecraft:iron_sword":1,"minecraft:bread":17,"minecraft:air":0,"regions_unexplored:redwood_planks":6,"minecraft:iron_chestplate":1,"minecraft:shield":1,"minecraft:stick":82,"minecraft:iron_ingot":24,"minecraft:iron_pickaxe":1,"minecraft:stone_sword":1,"minecraft:iron_shovel":1,"minecraft:iron_leggings":1,"minecraft:acacia_planks":32,"minecraft:torch":86},"minecraft:picked_up":{"minecraft:crafting_table":5,"modern_industrialization:lignite_coal":3,"minecraft:brown_mushroom":1,"botania:blue_mushroom":1,"minecraft:wooden_pickaxe":2,"minecraft:oak_stairs":29,"ad_astra:sky_stone":4,"minecraft:shield":1,"travelersbackpack:emerald":2,"minecraft:string":4,"minecraft:raw_copper":6,"minecraft:oak_sign":9,"minecraft:candle":2,"minecraft:cobbled_deepslate":67,"minecraft:beef":2,"minecraft:coal_block":2,"regions_unexplored:redwood_log":2,"minecraft:furnace":1,"minecraft:raw_iron":91,"minecraft:torch":13,"minecraft:acacia_log":8,"botania:purple_mushroom":1,"minecraft:spruce_fence":1,"minecraft:porkchop":4,"minecraft:diorite":2,"minecraft:redstone":19,"minecraft:dark_oak_planks":1,"minecraft:rotten_flesh":5,"minecraft:arrow":14,"minecraft:hay_block":10,"minecraft:deepslate_brick_stairs":1,"minecraft:cobblestone":181,"minecraft:andesite":2,"croptopia:flour":14,"minecraft:leather":2,"minecraft:tuff":1,"minecraft:oak_log":11,"minecraft:yellow_bed":4,"bewitchment:aconite_seeds":1,"minecraft:dirt":44,"minecraft:bone":10,"minecraft:acacia_planks":4,"minecraft:wheat_seeds":5,"minecraft:raw_gold":7,"minecraft:iron_ingot":1,"fishofthieves:earthworms":3,"minecraft:acacia_sapling":4,"minecraft:iron_sword":2,"minecraft:oak_planks":15,"minecraft:dark_oak_stairs":2,"minecraft:dandelion":1,"minecraft:gravel":1,"bewitchment:belladonna_seeds":1,"bewitchment:salt":2,"minecraft:barrel":3,"techreborn:sapphire_gem":1,"minecraft:spider_eye":1,"minecraft:white_candle":2,"minecraft:diamond":3,"minecraft:bread":3,"minecraft:oak_button":9,"minecraft:coal":40},"minecraft:used":{"minecraft:stone_sword":46,"minecraft:iron_shovel":99,"minecraft:flint_and_steel":4,"mcdw:glaive_glaive":31,"minecraft:chest":2,"minecraft:shield":19,"minecraft:iron_sword":73,"minecraft:iron_chestplate":1,"minecraft:torch":52,"minecraft:dirt":7,"minecraft:golden_shovel":4,"minecraft:spruce_fence":1,"travelersbackpack:emerald":6,"minecraft:iron_axe":38,"minecraft:iron_helmet":1,"minecraft:hay_block":1,"minecraft:furnace":2,"simplyswords:waxweaver":32,"minecraft:cobbled_deepslate":55,"minecraft:acacia_planks":30,"minecraft:golden_axe":25,"minecraft:iron_leggings":1,"minecraft:oak_planks":7,"minecraft:stone_pickaxe":92,"minecraft:wooden_pickaxe":24,"minecraft:crafting_table":6,"minecraft:deepslate_brick_stairs":1,"minecraft:oak_log":3,"minecraft:apple":19,"minecraft:bread":34,"minecraft:string":1,"minecraft:iron_pickaxe":208,"ad_astra:sky_stone":1,"minecraft:coal_block":2,"minecraft:cobblestone":153,"minecraft:yellow_bed":4,"beachparty:rubber_ring_pelican":2},"minecraft:broken":{"minecraft:golden_helmet":1,"minecraft:iron_boots":1,"minecraft:stone_pickaxe":1,"beachparty:rubber_ring_pelican":1,"minecraft:golden_axe":1}},"DataVersion":3465}